id,doc,chain,sourceLink,token,gapWords,charCount,tokenCount,gapUnits,Impersonal,kind,place,text,transcript,endNote,order,negPlace,Chunk.type,corpusSeq,pSentOrder,POS_dft,tokenSeq,turnOrder,tokenOrderFirst,tokenOrderLast,docTokenSeqFirst,docTokenSeqLast,chainCreateSeq,name,chainSize,treeEntry,wordOrderFirst,wordOrderLast,docWordSeqFirst,docWordSeqLast,subject,doc_subj,chain_subj,sourceLink_subj,token_subj,gapWords_subj,charCount_subj,tokenCount_subj,gapUnits_subj,kind_subj,place_subj,text_subj,transcript_subj,endNote_subj,order_subj,negPlace_subj,Chunk.type_subj,corpusSeq_subj,pSentOrder_subj,POS_dft_subj,tokenSeq_subj,turnOrder_subj,tokenOrderFirst_subj,tokenOrderLast_subj,docTokenSeqFirst_subj,docTokenSeqLast_subj,chainCreateSeq_subj,name_subj,chainSize_subj,entityType,treeEntry_subj,containerPred,wordOrderFirst_subj,wordOrderLast_subj,docWordSeqFirst_subj,docWordSeqLast_subj,gapWordsTrue,verbSubjectGap
3279AA5726DE5,sbc002,2C8ABB5053FA2,B1FBEE76C434,341355D469B3B,N/A,13,3,N/A,NA,,,can you teach,[can you teach,,,,NA,,,,,,2,4,2,4,1,Predicates,179,,2,4,2,4,1B7C18FD6C696,sbc002,37CC8B499644E,,1BEBBE5A66F3D,N/A,3,1,N/A,Word,3,you,you,,3,7,,8914,3,PRON,3,3,3,3,3,3,40,Impersonal,36,NA,,3279AA5726DE5,3,3,3,3,3,0
40182041FEF6,sbc002,2C8ABB5053FA2,1610AAACD8771,1793698C00DD6,6,9,2,0,Yes,,,tap dance,ta:p [2dance2],,,,Verb,,,,,,8,9,8,9,1,Predicates,179,,8,9,8,9,NA,NA,NA,NA,NA,NA,NA,NA,NA,NA,NA,NA,NA,NA,NA,NA,NA,NA,NA,NA,NA,NA,NA,NA,NA,NA,NA,NA,NA,NA,NA,NA,NA,NA,NA,NA,NA,0
1E872ADBE1454,sbc002,2C8ABB5053FA2,E532D6B6CB93,29431EB3EEEE7,4,14,3,1,NA,,,ca n't imagine,ca n't imagine,,,,Verb,,,,,,2,4,12,14,1,Predicates,179,,2,4,11,13,926584BA7B4E,sbc002,29512A7724CA6,,241ACAFF3B12B,N/A,1,1,N/A,Word,1,I,[I,,1,6,,8923,1,X,12,1,1,1,11,11,3,Harold,29,person,19E3D86A50EDB,NA,1,1,10,10,10,1
66696D6B9F7F,sbc002,2C8ABB5053FA2,31B2F2C38321A,1BBE1246A2BE4,4,8,1,0,NA,Word,5,teaching,teaching,,5,2,,8927,5,VERB,16,5,6,6,16,16,1,Predicates,179,,5,5,14,14,35269902B5D10,sbc002,29512A7724CA6,11D7210C19B5F,2CE4FCA83A92A,4,3,1,0,,,<0>,,,,,NA,,,,,,5,5,15,15,3,Harold,29,person,,NA,0,0,0,0,NA,14
197779567BDA9,sbc002,2C8ABB5053FA2,,2DA40B11B38F7,11,9,1,4,NA,Word,2,suggested,suggested,,3,4,,8942,6,VERB,31,3,3,3,27,27,1,Predicates,179,,2,2,19,19,C06053B29ED2,sbc002,37CC8B499644E,17509BE66B91D,36C776C4BE88E,23,3,1,5,Word,1,Who,Who,,2,5,,8941,5,PRON,30,2,2,2,26,26,40,Impersonal,36,NA,,NA,1,1,18,18,15,1
215C6CA618A58,sbc002,2C8ABB5053FA2,1AC5132975D34,9DD6A9D84716,6,4,1,1,NA,Word,2,have,have,,2,3,,8949,6,AUX,38,2,2,2,33,33,1,Predicates,179,,2,2,24,24,281AE6AB9602E,sbc002,29512A7724CA6,9B95B4AF63CF,BD56B6616745,17,1,1,5,Word,1,I,I,,1,4,,8948,5,PRON,37,1,1,1,32,32,3,Harold,29,person,,NA,1,1,23,23,13,1
37A7F24023142,sbc002,2C8ABB5053FA2,33C7FBC5D28B7,7C0E68DCD586,5,3,1,1,NA,Word,2,was,was,,2,7,,8955,4,AUX,44,8,2,2,38,38,1,Predicates,179,,2,2,28,28,360D390F232B2,sbc002,37CC8B499644E,2EC23431825CB,CA5B319FDCC9,11,2,1,2,Word,1,It,It,,1,8,,8954,3,PRON,43,7,1,1,37,37,40,Impersonal,36,NA,,NA,1,1,27,27,9,1
1D3A083632F75,sbc002,2C8ABB5053FA2,2364C03328642,23402127656B7,11,5,1,1,NA,Word,2,think,think,,3,5,,8967,10,VERB,56,20,3,3,49,49,1,Predicates,179,,2,2,36,36,14F9E80BEC3FC,sbc002,29512A7724CA6,8AADF47D55D2,2D2D0A9743A98,8,1,1,1,Word,1,I,I,,2,6,,8966,9,PRON,55,19,2,2,48,48,3,Harold,29,person,,NA,1,1,35,35,5,1
20948BC2CA80F,sbc002,2C8ABB5053FA2,DF738318150C,2C45E2F2BCAE9,2,3,1,0,NA,Word,4,saw,saw:,,5,3,,8969,12,VERB,58,22,5,5,51,51,1,Predicates,179,,4,4,38,38,1C792738379D9,sbc002,2C75D5850632E,,1632998C85207,20,4,1,3,Word,3,they,they,,4,4,,8968,11,PRON,57,21,4,4,50,50,5,Thomas' parents,2,person,,NA,3,3,37,37,15,1
312868FFF3418,sbc002,2C8ABB5053FA2,2F676C5F2C445,26C05E4A7A93E,12,3,1,3,NA,Word,2,was,[2was,,2,2,,8984,6,X,73,2,2,2,63,63,1,Predicates,179,,2,2,43,43,2B40B76914171,sbc002,37CC8B499644E,D83A25947FB7,1D8CDF6388A02,25,4,1,4,Word,1,What,[What],,1,3,,8983,5,NOUN,72,1,1,1,62,62,40,Impersonal,36,NA,,NA,1,1,42,42,15,1
CDFD3C88AC7D,sbc002,2C8ABB5053FA2,89A0F4391F1B,35E666D1939D,4,3,1,1,NA,Word,2,had,#had2],,2,1,,8989,2,X,78,2,2,2,67,67,1,Predicates,179,,2,2,46,46,2317D249304DD,sbc002,37CC8B499644E,16988F3A80DC3,1F8AF8EB92E1A,4,4,1,1,Word,1,They,[2#They,,1,2,,8988,1,X,77,1,1,1,66,66,40,Impersonal,36,NA,,NA,1,1,45,45,3,1
EA17D0B8449,sbc002,2C8ABB5053FA2,2BCF28BC1D17,160E047E79973,18,3,1,3,NA,Word,2,was,was,,3,6,,9010,7,AUX,99,3,3,3,85,85,1,Predicates,179,,2,2,59,59,200BECF43A85E,sbc002,19BD39EFA0C95,E23B63E6199B,1516FC16AF730,4,2,1,1,Word,1,He,He,,2,7,,9009,6,PRON,98,2,2,2,84,84,8,Tap dancer boy,19,person,,NA,1,1,58,58,1,1
18710DBD06F8A,sbc002,2C8ABB5053FA2,74F8BFCB0E0A,249C85E6C57B7,9,6,1,1,NA,Word,3,missed,missed,,3,2,,9020,17,VERB,109,13,3,3,94,94,1,Predicates,179,,3,3,67,67,30D434445D753,sbc002,14164E90BFD8B,,35A53EA0DBA82,N/A,1,1,N/A,Word,2,I,[I,,2,3,,9019,16,X,108,12,2,2,93,93,10,Miles,9,person,,NA,2,2,66,66,NA,1
1F5FFE9EF57AA,sbc002,2C8ABB5053FA2,379126E2563B5,33F0B2D1B15F0,15,3,1,2,NA,Word,1,Was,[2Was,,1,5,,9037,1,X,126,1,1,1,109,109,1,Predicates,179,18D6D82C0023F,1,1,78,78,C58755D23A27,sbc002,19BD39EFA0C95,2BB55B4137D99,2EB2D3291187B,15,2,1,2,Word,2,he,he,,2,4,,9038,2,PRON,127,2,2,2,110,110,8,Tap dancer boy,19,person,1E2EB9DFA974B,NA,2,2,79,79,11,1
16B4E8F08FE9A,sbc002,2C8ABB5053FA2,257AAA5938384,13DA82209E34E,8,2,1,1,NA,Word,3,'s,'s,,3,3,,9046,3,AUX,135,3,3,3,117,117,1,Predicates,179,,3,3,85,85,D751190D46BC,sbc002,19BD39EFA0C95,1284D104FB9B9,3D2E2015065,6,2,1,1,Word,2,he,he,,2,4,,9045,2,PRON,134,2,2,2,116,116,8,Tap dancer boy,19,person,,NA,2,2,84,84,5,1
167B445B9AEAC,sbc002,2C8ABB5053FA2,83B82FCC200B,187C438687439,7,2,1,1,NA,Word,3,'s,'s,,4,2,,9054,4,AUX,143,4,4,4,124,124,1,Predicates,179,,3,3,90,90,32CADD731A19B,sbc002,19BD39EFA0C95,1D5B9D4006A5A,2D4A756F4E1C4,7,2,1,1,Word,2,he,he,,3,3,,9053,3,PRON,142,3,3,3,123,123,8,Tap dancer boy,19,person,,NA,2,2,89,89,5,1
2D6B269EABA3A,sbc002,2C8ABB5053FA2,546898AAE6EC,21DE505E25511,6,2,1,1,NA,Word,3,'s,'s,,4,3,,9061,11,AUX,150,11,4,4,130,130,1,Predicates,179,,3,3,94,94,FDD6B5CBA86F,sbc002,19BD39EFA0C95,1AFE75945C04B,2C61BD98E01E0,6,2,1,1,Word,2,he,he,,3,4,,9060,10,PRON,149,10,3,3,129,129,8,Tap dancer boy,19,person,,NA,2,2,93,93,4,1
16D20B59B9E86,sbc002,2C8ABB5053FA2,22403AB4998C0,A8152604BE30,6,7,1,1,NA,Word,3,teaches,teaches,,3,6,,9068,18,VERB,157,18,3,3,136,136,1,Predicates,179,,3,3,99,99,344F0D4470DC2,sbc002,19BD39EFA0C95,1C1EEB0F25B38,35316E00844B9,6,2,1,1,Word,2,he,he,,2,7,,9067,17,PRON,156,17,2,2,135,135,8,Tap dancer boy,19,person,,NA,2,2,98,98,5,1
5A9B1C8A3E58,sbc002,2C8ABB5053FA2,28CF942091254,373CBAC710318,12,17,4,2,NA,,,'s supposed to be,'s supposed to be,,,,NA,,,,,,3,6,148,151,1,Predicates,179,,2,5,108,111,1A7529445079A,sbc002,19BD39EFA0C95,13790C5387CAA,1E7CD2EAF5DB8,4,2,1,1,Word,1,he,he,,2,6,,9081,6,PRON,170,6,2,2,147,147,8,Tap dancer boy,19,person,,NA,1,1,107,107,1,1
2FA4D71265888,sbc002,2C8ABB5053FA2,4EF30E02D5B,283A991431FE6,10,11,2,2,NA,,,Really fast,Really fa[:st],,,,NA,,,,,,3,4,158,159,1,Predicates,179,,1,2,114,115,6AF3AE43032,sbc002,19BD39EFA0C95,DF6EF101E3A3,20D9095382726,10,3,1,2,,,<0>,,,,,,,,,,,2,2,157,157,8,Tap dancer boy,19,person,,NA,0,0,0,0,NA,114
31AF4D9FBCC4B,sbc002,2C8ABB5053FA2,209946D517927,23160AB5EDCEC,1,4,1,0,NA,Word,2,fast,fa[:st],,3,1,,9094,3,ADJ,183,6,4,4,159,159,1,Predicates,179,,2,2,115,115,6AF3AE43032,sbc002,19BD39EFA0C95,DF6EF101E3A3,20D9095382726,10,3,1,2,,,<0>,,,,,,,,,,,2,2,157,157,8,Tap dancer boy,19,person,,NA,0,0,0,0,NA,115
3745CF6260E2,sbc002,2C8ABB5053FA2,1F66C79ABB478,2E8558132196E,7,2,1,2,NA,Word,3,'m,'m,,4,7,,9103,4,AUX,192,4,4,4,166,166,1,Predicates,179,,3,3,119,119,DDBCAA05B770,sbc002,29512A7724CA6,361F7EB35BF04,25E7AA4B68798,117,1,1,20,Word,2,I,I,,3,8,,9102,3,PRON,191,3,3,3,165,165,3,Harold,29,person,,NA,2,2,118,118,83,1
279FA9D81628,sbc002,2C8ABB5053FA2,246BD6622F727,268E08E9A4457,3,3,1,0,NA,Word,6,was,was,,7,4,,9106,7,AUX,195,7,7,7,169,169,1,Predicates,179,,6,6,122,122,1C6D551588BC7,sbc002,2AB726BE653E8,1FCF1A429A29B,18AB28182776A,99,4,1,15,Word,5,that,that,,6,5,,9105,6,DET,194,6,6,6,168,168,6,Tap dance movie,4,thing,,NA,5,5,121,121,67,1
2CA1A35EA852A,sbc002,2C8ABB5053FA2,FF88603197EC,1896E4F1D0021,6,13,3,1,NA,,,Have you seen,[2Have you] seen,,,,NA,,,,,,1,3,175,177,1,Predicates,179,,1,3,126,128,1C874C00EE310,sbc002,163FA7FE4D539,,1EAB18A09926,N/A,3,1,N/A,Word,2,you,you],,2,3,,9114,2,PROPN,203,2,2,2,176,176,11,Jamie,15,person,,2CA1A35EA852A,2,2,127,127,127,0
2FC293576B6E0,sbc002,2C8ABB5053FA2,2BE929CB0B008,253DD9F99C68E,10,4,1,2,NA,Word,3,read,read,,3,5,,9125,3,VERB,214,7,3,3,185,185,1,Predicates,179,,3,3,133,133,1AF340B31707F,sbc002,163FA7FE4D539,363A6E5AA37FE,31B8CCFB754EF,7,1,1,2,Word,1,I,I,,1,7,,9123,1,PRON,212,5,1,1,183,183,11,Jamie,15,person,,NA,1,1,131,131,4,2
2E2CBFA4299DC,sbc002,2C8ABB5053FA2,330D4A97CD7E8,2407A7066286F,11,4,1,1,NA,Word,4,read,read,,6,7,,9137,6,VERB,226,6,6,6,196,196,1,Predicates,179,,4,4,141,141,158E16982A952,sbc002,163FA7FE4D539,1DCD2FA56E97D,60C648AEB2DC,11,3,1,1,Word,2,you,you,,4,9,,9135,4,PRON,224,4,4,4,194,194,11,Jamie,15,person,,NA,2,2,139,139,8,2
27B92E99900BE,sbc002,2C8ABB5053FA2,1CBE442FB2390,1D7204518D0DB,6,4,1,0,NA,Word,10,read,read],,12,1,,9143,12,NOUN,232,12,12,12,202,202,1,Predicates,179,,10,10,147,147,560D4C5A3780,sbc002,14164E90BFD8B,13FEBF9C30A03,290D3A42FB67C,108,1,1,16,Word,9,I,[I,,11,2,,9142,11,X,231,11,11,11,201,201,10,Miles,9,person,,NA,9,9,146,146,80,1
1CCD3A26EE154,sbc002,2C8ABB5053FA2,1EB11E3AEFCD,191EFC86DDE69,9,7,1,4,NA,Word,1,talking,talking,,1,6,,9155,1,VERB,244,1,2,2,211,211,1,Predicates,179,,1,1,151,151,28CE16C94A615,sbc002,C21CF222B98B,13768B155BB4A,368BD79FC138C,13,3,1,4,,,<0>,,,,,,,,,,,1,1,210,210,12,Article about tap dancer boy,3,thing,,NA,0,0,0,0,NA,151
34D91F613E889,sbc002,2C8ABB5053FA2,2BE4391DFE78B,2094E59FD2E9A,5,4,1,0,NA,Word,6,said,said,,6,1,,9160,6,VERB,249,6,7,7,216,216,1,Predicates,179,,6,6,156,156,267E3677A4C0,sbc002,18E125B893C50,,FDCD646EA665,N/A,13,2,N/A,,,Gregory Hines,Gregory Hines,,,,NA,,,,,,5,6,214,215,13,Gregory Hines,2,person,,NA,4,5,154,155,NA,1
2471F24C720CE,sbc002,2C8ABB5053FA2,27497CF331934,16FD608C5B401,3,16,3,1,NA,,,does n't realize,does n't realize,,,,NA,,,,,,2,4,219,221,1,Predicates,179,,2,4,158,160,1842AB141CB04,sbc002,18E125B893C50,679EFCFCB1AF,954F18482159,4,2,1,1,Word,1,he,he,,1,12,,9163,9,PRON,252,9,1,1,218,218,13,Gregory Hines,2,person,,NA,1,1,157,157,2,1
19EEBB597D380,sbc002,2C8ABB5053FA2,6942FDDFC9DB,2DEE87FFAE745,6,10,3,0,NA,,,ca n't tap,ca n't tap,,,,NA,,,,,,8,10,225,227,1,Predicates,179,,8,10,164,166,2159031E1E549,sbc002,37CC8B499644E,2B05D46819D5A,1E716A0401BE7,155,21,4,25,,,realize a human being,realize a human being,,,,NA,,,,,,4,7,221,224,40,Impersonal,36,NA,,NA,4,7,160,163,118,1
10783497149F8,sbc002,2C8ABB5053FA2,612492790E1B,1A62B5F2FF5B7,15,12,2,5,NA,,,were talking,were talking,,,,NA,,,,,,3,4,240,241,1,Predicates,179,,3,4,174,175,1A062AB8F8FC2,sbc002,37CC8B499644E,15F2E011C3FB5,2BCE420AEED1D,15,4,1,5,Word,2,they,they,,2,5,,9189,2,PRON,278,2,2,2,239,239,40,Impersonal,36,NA,,NA,2,2,173,173,10,1
30008974233A8,sbc002,2C8ABB5053FA2,B6E5033D90A0,1AB865B703B11,7,11,2,1,NA,,,'s teaching,'s teaching,,,,NA,,,,,,3,4,247,248,1,Predicates,179,,2,3,179,180,1BE61C74A89C,sbc002,19BD39EFA0C95,26E31CA33FC1B,23E4EFBFA48A,57,2,1,12,Word,1,he,he,,2,5,,9197,7,PRON,286,10,2,2,246,246,8,Tap dancer boy,19,person,,NA,1,1,178,178,41,1
2D613DB111712,sbc002,2C8ABB5053FA2,36D532EAA4336,26C17B12F98A1,9,5,1,2,NA,Word,3,guess,guess,,3,5,,9209,19,VERB,298,3,3,3,256,256,1,Predicates,179,,3,3,186,186,211787630AB17,sbc002,14164E90BFD8B,30D2F5CB31A4F,195C803795FA5,54,1,1,13,Word,2,I,I,,2,6,,9208,18,PRON,297,2,2,2,255,255,10,Miles,9,person,,NA,2,2,185,185,39,1
387E58AB62799,sbc002,2C8ABB5053FA2,F38966093D93,341310CA1C09B,3,4,1,0,NA,Word,6,goes,goes,,6,2,,9212,22,VERB,301,6,6,6,259,259,1,Predicates,179,,6,6,189,189,2425939819CED,sbc002,19BD39EFA0C95,32AF7EB6646FF,6C59904BB941,11,2,1,2,Word,4,he,he,,4,4,,9210,20,PRON,299,4,4,4,257,257,8,Tap dancer boy,19,person,,NA,4,4,187,187,9,2
DAE88872B519,sbc002,2C8ABB5053FA2,2ADB2275DBC0D,6B51944A138D,13,16,3,4,NA,,,does n't explain,does[ n't explain,,,,NA,,,,,,3,5,272,274,1,Predicates,179,,2,4,196,198,1FDD0A7C47B76,sbc002,19BD39EFA0C95,F4DC3D05449F,2E71A957A60DF,4,2,1,1,Word,1,He,He,,2,6,,9228,13,PRON,317,2,2,2,271,271,8,Tap dancer boy,19,person,,NA,1,1,195,195,2,1
37CB3699E5E09,sbc002,2C8ABB5053FA2,1A4FE2B96204B,AF6DC499307D,7,21,5,1,NA,,,has to double it down,has to double it dow:n,,,,NA,,,,,,2,6,279,283,1,Predicates,179,,2,6,202,206,B033815965C6,sbc002,19BD39EFA0C95,2F89F5864D66F,15006BE08B5F6,7,2,1,1,Word,1,He,[He,,1,13,,9236,21,X,325,1,1,1,278,278,8,Tap dancer boy,19,person,,NA,1,1,201,201,6,1
1DE9BB0FDFCB1,sbc002,2C8ABB5053FA2,122A6DBCC3FBC,2FC5A63D06D24,15,16,5,1,NA,,,can g pick it up,can g:– pick it up–,,,,NA,,,,,,3,7,294,298,1,Predicates,179,,3,7,216,220,693FCB3018AE,sbc002,27EE88A36EA2C,,2A9A543374C99,N/A,4,1,N/A,Word,2,they,they,,2,6,,9252,37,PRON,341,17,2,2,293,293,14,Tap dance students,1,person,,NA,2,2,215,215,NA,1
22E073B7C3D68,sbc002,2C8ABB5053FA2,1723BB87EE2B7,1B0ED085EA684,10,2,1,2,NA,Word,3,'m,'m,,3,7,,9265,5,AUX,354,3,3,3,304,304,1,Predicates,179,,3,3,223,223,3788FB77A8645,sbc002,29512A7724CA6,22CB73571AF75,3580DCBC98AFB,138,1,1,25,Word,2,I,I,,2,8,,9264,4,PRON,353,2,2,2,303,303,3,Harold,29,person,,NA,2,2,222,222,104,1
2B86E4A451956,sbc002,2C8ABB5053FA2,2D38EC0DA0762,D1AE2D4E20EC,3,2,1,0,NA,Word,6,is,is,,6,4,,9268,8,AUX,357,6,6,6,307,307,1,Predicates,179,,6,6,226,226,2E08B2C72813A,sbc002,1BEC77EA499BF,,1A12559E7753E,N/A,6,1,N/A,Word,5,Thomas,!Thomas,,5,5,,9267,7,PUNCT,356,5,5,5,306,306,15,Thomas,9,person,,NA,5,5,225,225,225,1
116A75E7F2D3C,sbc002,2C8ABB5053FA2,210FB78FDECA2,849D110390C3,11,4,1,2,NA,Word,2,mean,mean,,2,5,,9281,1,VERB,370,2,2,2,318,318,1,Predicates,179,,2,2,232,232,1E74470C0F1E5,sbc002,29512A7724CA6,C39FB7833C39,441D79524D13,14,1,1,2,Word,1,I,[I,,1,6,,9280,11,X,369,1,1,1,317,317,3,Harold,29,person,,NA,1,1,231,231,9,1
20FEA74C8ABA1,sbc002,2C8ABB5053FA2,14DDAD81D4B78,2F8AB9FFC74D4,2,3,1,0,NA,Word,4,has,[2has,,4,3,,9283,3,X,372,4,4,4,320,320,1,Predicates,179,,4,4,234,234,6D1F795C913B,sbc002,1BEC77EA499BF,2A03EDAFDF1F2,1067F164FA1A3,13,2,1,2,Word,3,he,he],,3,4,,9282,2,PROPN,371,3,3,3,319,319,15,Thomas,9,person,,NA,3,3,233,233,8,1
FAAFA1EBD11E,sbc002,2C8ABB5053FA2,2BC4AE4D60582,631C18FAE520,6,15,3,1,NA,,,could have seen,could have2] see:n,,,,NA,,,,,,3,5,326,328,1,Predicates,179,,1,3,237,239,18D264AFC08EA,sbc002,1BEC77EA499BF,2D6F204835092,34F3A1A87F4EC,6,3,1,1,,,<0>,,,,,NA,,,,,,2,2,325,325,15,Thomas,9,person,,NA,0,0,0,0,NA,237
2FA3EFCFD2776,sbc002,2C8ABB5053FA2,2BF1273DAFF83,95E19B90E137,6,5,1,1,NA,Word,2,guess,guess,,2,9,,9296,4,VERB,385,2,2,2,332,332,1,Predicates,179,,2,2,242,242,1179F547B74A8,sbc002,29512A7724CA6,1F02563C08079,314A93F4CB614,13,1,1,2,Word,1,I,I,,1,10,,9295,3,PRON,384,1,1,1,331,331,3,Harold,29,person,,NA,1,1,241,241,10,1
71C5F9A2C7C1,sbc002,2C8ABB5053FA2,169DEADA1AA99,ED00339D9E68,2,5,1,0,NA,Word,4,means,means,,4,7,,9298,6,VERB,387,4,4,4,334,334,1,Predicates,179,,4,4,244,244,1179F547B74A8,sbc002,29512A7724CA6,1F02563C08079,314A93F4CB614,13,1,1,2,Word,1,I,I,,1,10,,9295,3,PRON,384,1,1,1,331,331,3,Harold,29,person,,NA,1,1,241,241,10,3
1AF3E0DE07495,sbc002,2C8ABB5053FA2,1E57B3B095134,AEE56A95F665,4,13,3,0,NA,,,is doing okay,is [3@doing @okay3],,,,NA,,,,,,8,10,338,340,1,Predicates,179,,8,10,248,250,2827B49177E67,sbc002,1FE61E75D5CF9,22D7EC2FABFAF,C07B56AB3E4E,13,14,3,2,,,his broken leg,his broken leg,,,,NA,,,,,,5,7,335,337,16,Thomas' broken leg,3,thing,,NA,5,7,245,247,11,1
2ECCB671DE2AA,sbc002,2C8ABB5053FA2,2461301AD1101,2661C6BE11D6B,5,13,2,1,NA,,,was wondering,was wonder3]ing,,,,NA,,,,,,2,3,343,344,1,Predicates,179,,2,3,252,253,33A2B0F8FE71E,sbc002,1AAE721BF572A,,1D2B2DCB444A8,N/A,1,1,N/A,Word,1,I,[3I,,1,5,,9307,15,X,396,1,1,1,342,342,17,Pete,16,person,,NA,1,1,251,251,NA,1
2240937893E3,sbc002,2C8ABB5053FA2,1DAD8172731A7,24B582CFD9D9,6,13,2,1,NA,,,was imagining,was imagining,,,,NA,,,,,,2,3,349,350,1,Predicates,179,,2,3,257,258,355BED39012F0,sbc002,1AAE721BF572A,219077F4EC119,114F25B585912,6,1,1,1,Word,1,I,I,,1,10,,9314,2,PRON,403,8,1,1,348,348,17,Pete,16,person,,NA,1,1,256,256,5,1
34751A8936F1F,sbc002,2C8ABB5053FA2,388CC6EA4E711,2544952071823,3,9,2,0,NA,,,had broke,had broke,,,,NA,,,,,,5,6,352,353,1,Predicates,179,,5,6,260,261,3AFF81B98293,sbc002,1BEC77EA499BF,5ECA698EEF97,275B984BD42CB,16,2,1,2,Word,4,he,[4he,,4,7,,9317,5,X,406,11,4,4,351,351,15,Thomas,9,person,,NA,4,4,259,259,14,1
36288030AE01E,sbc002,2C8ABB5053FA2,EB019CF00E62,141765E060AE7,14,3,1,2,NA,Word,3,was,was,,3,3,,9334,3,AUX,423,3,3,3,366,366,1,Predicates,179,,3,3,270,270,1F66ECB94F377,sbc002,37CC8B499644E,1DC690FF0B5BF,23F86D2062DAF,126,2,1,19,Word,2,it,it,,2,4,,9333,2,PRON,422,2,2,2,365,365,40,Impersonal,36,NA,,NA,2,2,269,269,96,1
20CA7886B587A,sbc002,2C8ABB5053FA2,179B878B7635C,175C6DD0E5FA7,8,2,1,2,NA,Word,2,'s,'s,,2,2,,9344,2,AUX,433,2,2,2,374,374,1,Predicates,179,,2,2,275,275,1CEBFFCE0C4C1,sbc002,37CC8B499644E,1523F57D3CF78,3701CD6FE4826,8,4,1,2,Word,1,That,[That,,1,3,,9343,1,DET,432,1,1,1,373,373,40,Impersonal,36,NA,,NA,1,1,274,274,5,1
561F85FD6EA7,sbc002,2C8ABB5053FA2,FBCBC1692D9D,20BCD2209E22,5,5,1,1,NA,Word,2,guess,#guess,,3,13,,9350,8,NOUN,439,8,3,3,379,379,1,Predicates,179,,2,2,278,278,16431D2C80BBE,sbc002,1AAE721BF572A,26F6F0A78341C,2D02B08027337,30,1,1,5,Word,1,I,#I,,2,14,,9349,7,NOUN,438,7,2,2,378,378,17,Pete,16,person,,NA,1,1,277,277,21,1
14442DC1BC483,sbc002,2C8ABB5053FA2,351008BA8DB31,A5D6061D4B02,3,16,3,0,NA,,,was being hauled,was being hauled,,,,NA,,,,,,6,8,382,384,1,Predicates,179,,5,7,281,283,24E932DB7D46E,sbc002,1BEC77EA499BF,18270FE68EF2,DB84DCFFCB,14,2,1,3,Word,4,he,he,,5,11,,9352,10,PRON,441,10,5,5,381,381,15,Thomas,9,person,,NA,4,4,280,280,9,1
FE54535B21A8,sbc002,2C8ABB5053FA2,2FF2ED71C8E1D,1E394DE820B82,15,6,1,2,NA,Word,2,healed,healed,,3,3,,9370,3,VERB,459,6,3,3,397,397,1,Predicates,179,,2,2,293,293,31E836E625922,sbc002,1BEC77EA499BF,2F8E3876E590,1F14322166D0C,15,2,1,2,Word,1,He,[3He,,2,4,,9369,2,X,458,5,2,2,396,396,15,Thomas,9,person,,NA,1,1,292,292,12,1
2409A86C00237,sbc002,2C8ABB5053FA2,D0F3FFE4BBAF,114FE2E4DDB84,5,5,1,1,NA,Word,1,Guess,[3#Guess,,1,3,,9375,1,X,464,1,2,2,402,402,1,Predicates,179,,1,1,296,296,24618D07016D4,sbc002,163FA7FE4D539,1033B00F54FCD,14B3E40F6F162,206,3,1,35,,,<0>,,,,,,,,,,,1,1,401,401,11,Jamie,15,person,,NA,0,0,0,0,NA,296
84E934553ABD,sbc002,2C8ABB5053FA2,AF6EFB61DA30,2E750956C70B0,8,9,2,1,NA,,,grow back,[4grow] [5back],,,,NA,,,,,,4,5,410,411,1,Predicates,179,,3,4,301,302,2B99FC0264D27,sbc002,78CB0747A498,,2535BC8C05A9B,N/A,12,3,N/A,,,kids ' bones,kids ' bo:nes,,,,NA,,,,,,3,5,403,405,18,Kids' bones,3,thing,,NA,2,3,297,298,NA,3
24B1AE46B0165,sbc002,2C8ABB5053FA2,3B83A0698587,2B3BC80C08FD3,11,5,1,3,NA,Word,2,think,think,,2,8,,9398,2,VERB,487,5,2,2,421,421,1,Predicates,179,,2,2,308,308,1DBAA3D4B1F3,sbc002,29512A7724CA6,1C497C90B3233,1EF9465B8C503,89,1,1,14,Word,1,I,I,,1,9,,9397,1,PRON,486,4,1,1,420,420,3,Harold,29,person,,NA,1,1,307,307,66,1
9625AC10A6A0,sbc002,2C8ABB5053FA2,38150B334ED4,51F739ACD952,2,3,1,0,NA,Word,4,'re,'re,,4,6,,9400,4,AUX,489,7,4,4,423,423,1,Predicates,179,,4,4,310,310,31DADF28F3A3A,sbc002,78CB0747A498,31E7194AD9180,13127D7E8BAC3,19,4,1,4,Word,3,they,they,,3,7,,9399,3,PRON,488,6,3,3,422,422,18,Kids' bones,3,thing,,NA,3,3,309,309,11,1
24374A8A6A785,sbc002,2C8ABB5053FA2,358F97CC38D80,30E57967B898,8,8,2,1,NA,,,'re made,'re made,,,,NA,,,,,,2,3,431,432,1,Predicates,179,,2,3,317,318,36B522D1FDB8A,sbc002,78CB0747A498,2EDFEB0386E51,7126CDA4D162,8,4,1,1,Word,1,They,They,,1,5,,9408,1,PRON,497,1,1,1,430,430,18,Kids' bones,3,thing,,NA,1,1,316,316,7,1
17CED2A55E608,sbc002,2C8ABB5053FA2,12445914FAF77,483148CEB41E,8,2,1,1,NA,Word,3,'s,'s,,4,2,,9418,4,AUX,507,11,4,4,439,439,1,Predicates,179,,3,3,323,323,12141A4AC86E2,sbc002,37CC8B499644E,ADC7E265858C,4F88B0174F50,65,4,1,10,Word,2,that,that,,3,3,,9417,3,DET,506,10,3,3,438,438,40,Impersonal,36,NA,,NA,2,2,322,322,48,1
20A674366B7EC,sbc002,2C8ABB5053FA2,206FCCD335FAE,37F8F687C949F,4,2,1,1,NA,Word,2,'s,'s,,2,3,,9423,2,AUX,512,2,2,2,443,443,1,Predicates,179,,2,2,326,326,4EBB058574EB,sbc002,37CC8B499644E,13ED4D2C43041,130315AF6C82,4,4,1,1,Word,1,That,That,,1,4,,9422,1,DET,511,1,1,1,442,442,40,Impersonal,36,NA,,NA,1,1,325,325,3,1
1DF373A18AD9A,sbc002,2C8ABB5053FA2,2CA6838178062,28F40C9BA43E6,8,12,3,1,NA,,,do n't break,do n't break,,,,NA,,,,,,5,7,451,453,1,Predicates,179,,4,6,332,334,352BB81916867,sbc002,35E741D3CFD25,,336A7D8AFD7C5,N/A,11,2,N/A,,,little kids,little kids,,,,NA,,,,,,2,3,448,449,19,Little kids,4,person,,NA,1,2,329,330,NA,2
DCA169D27445,sbc002,2C8ABB5053FA2,A3926FE54144,14AF57720881,10,3,1,1,NA,Word,3,'re,'re,,4,2,,9443,4,AUX,532,4,4,4,461,461,1,Predicates,179,,3,3,340,340,2A86679D53B6F,sbc002,2C64BE29EB481,11CC9E322685D,18073216FDFE4,6,4,1,1,Word,2,they,they,,3,3,,9442,3,PRON,531,3,3,3,460,460,20,Kids' legs,12,thing,,NA,2,2,339,339,3,1
207CC6825C2,sbc002,2C8ABB5053FA2,198AFE5538BE9,148A7A60C5DB5,6,8,2,1,NA,,,'re made,'re made],,,,NA,,,,,,3,4,467,468,1,Predicates,179,,3,4,344,345,309026DC258A,sbc002,2C64BE29EB481,2FEE7CE42D9E9,1F15C306C3DCC,6,4,1,1,Word,2,they,they,,2,5,,9449,2,PRON,538,2,2,2,466,466,20,Kids' legs,12,thing,,NA,2,2,343,343,4,1
EE79DC9633E7,sbc002,2C8ABB5053FA2,3046C850A6F8A,A9BF4C15BDC4,7,4,1,1,NA,Word,3,have,have,,3,5,,9458,3,AUX,547,3,3,3,474,474,1,Predicates,179,,3,3,350,350,3CA849E5FC38,sbc002,2C64BE29EB481,37D5D7770A013,1C1F0E74C9FF8,7,4,1,1,Word,2,they,they,,2,6,,9457,2,PRON,546,2,2,2,473,473,20,Kids' legs,12,thing,,NA,2,2,349,349,6,1
2C69AEE85156C,sbc002,2C8ABB5053FA2,178F2454F54AA,2AD661B29A68B,8,4,1,1,NA,Word,2,know,know],,3,1,,9467,12,PROPN,556,12,3,3,482,482,1,Predicates,179,,2,2,356,356,34C0386E6B47,sbc002,37CC8B499644E,74C4961A8EF9,36F438AC96FE8,39,3,1,5,Word,1,you,[3you,,2,2,,9466,11,X,555,11,2,2,481,481,40,Impersonal,36,NA,,NA,1,1,355,355,30,1
126E49D7A9F36,sbc002,2C8ABB5053FA2,1ED67DCCE2750,361D97F1EB53A,4,7,2,2,NA,,,are n't,are n't,,,,NA,,,,,,1,2,486,487,1,Predicates,179,23A9924A4F762,1,2,358,359,1C390031A668B,sbc002,2C64BE29EB481,12185BF08124F,1E11505DDA2FF,15,4,1,3,Word,3,they,they,,3,3,,9475,6,PRON,564,6,3,3,488,488,20,Kids' legs,12,thing,127C68CE170E,NA,3,3,360,360,11,1
1499F523FD2D9,sbc002,2C8ABB5053FA2,10F08FFCE577B,1A4ABC5C455C5,7,7,2,1,NA,,,are n't,are n't,,,,NA,,,,,,2,3,493,494,1,Predicates,179,7DF8F0A2762E,1,2,363,364,F12353042E9,sbc002,2C64BE29EB481,10BD674D9780,305936009CF95,7,16,4,1,,,their k (.) legs,their k– (.) legs,,,,NA,,,,,,4,7,495,498,20,Kids' legs,12,thing,3511BD239FB57,NA,3,5,365,367,7,1
2325C0AFF3B01,sbc002,2C8ABB5053FA2,1B120B38A368,34C70FC6C1DB9,12,2,1,2,NA,Word,2,'s,'s],,2,6,,9495,5,VERB,584,5,2,2,505,505,1,Predicates,179,,2,2,372,372,2659724C61750,sbc002,37CC8B499644E,289DB50E37050,AC9A1E5BF5C5,23,5,1,5,Word,1,there,there,,1,7,,9494,4,PRON,583,4,1,1,504,504,40,Impersonal,36,NA,,NA,1,1,371,371,16,1
2B909E980126D,sbc002,2C8ABB5053FA2,3810A8BBFEE8C,62487E9D67DA,16,17,3,3,NA,,,'re still growing,'re still growing,,,,NA,,,,,,3,5,521,523,1,Predicates,179,,2,4,382,384,219DF09636310,sbc002,2C64BE29EB481,22B8D578133A8,7AC8B8FAF55A,9,4,1,3,Word,1,they,they,,2,4,,9513,10,PRON,602,2,2,2,520,520,20,Kids' legs,12,thing,,NA,1,1,381,381,4,1
22D7A4E84A154,sbc002,2C8ABB5053FA2,E29DED9F504E,9944D066A9C8,10,4,1,1,NA,Word,5,grow,grow,,7,2,,9525,7,VERB,614,14,7,7,531,531,1,Predicates,179,,5,5,389,389,181F24A60AABE,sbc002,13B289E681E73,,389E1921A7A4F,N/A,5,1,N/A,Word,4,bones,bones,,6,3,,9524,6,NOUN,613,13,6,6,530,530,21,Bones,1,thing,,NA,4,4,388,388,NA,1
1056DD1D4D39F,sbc002,2C8ABB5053FA2,6842F6A91F95,F44ACC27B459,1,2,1,0,NA,Word,6,is,is,,8,1,,9526,8,AUX,615,15,8,8,532,532,1,Predicates,179,,6,6,390,390,61FB0D8B71DA,sbc002,3786F41F2F74D,,15B7CB7DFF1CF,N/A,24,5,N/A,,,the way (...) bones grow,the way: (...) bones grow,,,,NA,,,,,,3,7,527,531,48,The way bones grow,1,abstract,,NA,2,5,386,389,NA,1
33760B4066178,sbc002,2C8ABB5053FA2,3363F2FEC9183,9913E6380046,4,4,1,1,NA,Word,2,make,make,,3,2,,9531,13,VERB,620,20,3,3,536,536,1,Predicates,179,,2,2,392,392,1F596D935EC22,sbc002,37CC8B499644E,1032957320E1A,FD32B277FBAB,31,3,1,5,Word,1,you,you,,2,3,,9530,12,PRON,619,19,2,2,535,535,40,Impersonal,36,NA,,NA,1,1,391,391,20,1
4C888C1DBAE1,sbc002,2C8ABB5053FA2,9E0658DFDB0D,5BC7721D55EE,7,7,1,1,NA,Word,4,deposit,deposit,,5,4,,9539,21,VERB,628,28,5,5,543,543,1,Predicates,179,,4,4,397,397,163E060674308,sbc002,37CC8B499644E,33799124E87B0,2ABE123613DF4,7,3,1,1,Word,3,you,you,,4,5,,9538,20,PRON,627,27,4,4,542,542,40,Impersonal,36,NA,,NA,3,3,396,396,5,1
2304CA8FF0C46,sbc002,2C8ABB5053FA2,1CAB5B8905D06,28C0476B3A7CF,10,5,1,2,NA,Word,4,turns,turns,,4,4,,9551,7,VERB,640,7,4,4,553,553,1,Predicates,179,,4,4,405,405,792A8771B0F2,sbc002,2312367EF5DC3,,2EA9DAFBA9929,N/A,4,1,N/A,Word,3,that,that,,3,5,,9550,6,DET,639,6,3,3,552,552,24,Cartilage and calcium,1,substance,,NA,3,3,404,404,NA,1
2674C60536174,sbc002,2C8ABB5053FA2,27BDD72697459,2645D6C7941C3,7,2,1,1,NA,Word,3,'s,'s,,3,7,,9559,3,AUX,648,3,3,3,560,560,1,Predicates,179,,3,3,411,411,A252254655FA,sbc002,37CC8B499644E,9049F11BC7B8,220EFF1753E67,17,4,1,3,Word,2,that,that,,2,8,,9558,2,DET,647,2,2,2,559,559,40,Impersonal,36,NA,,NA,2,2,410,410,14,1
2C516DE7C8648,sbc002,2C8ABB5053FA2,1688C1A4CA849,80D495748DA,4,4,1,0,NA,Word,7,have,have],,7,3,,9563,7,PUNCT,652,7,7,7,564,564,1,Predicates,179,,7,7,415,415,25DA9379A00D9,sbc002,2C64BE29EB481,33F1292872B37,27F12174548D1,42,4,1,6,Word,5,they,they,,5,5,,9561,5,PRON,650,5,5,5,562,562,20,Kids' legs,12,thing,,NA,5,5,413,413,32,2
FD1DF8FF6DCC,sbc002,2C8ABB5053FA2,165A18E85F8E,227AC5426D5C5,8,3,1,1,NA,Word,4,'re,'re,,4,2,,9572,4,AUX,661,16,4,4,572,572,1,Predicates,179,,4,4,421,421,1BD96A3FD7664,sbc002,2C64BE29EB481,4D7C72CDEF41,24297AA9557FC,9,4,1,1,Word,3,they,they,,3,3,,9571,3,PRON,660,15,3,3,571,571,20,Kids' legs,12,thing,,NA,3,3,420,420,7,1
3130C2F79E0D8,sbc002,2C8ABB5053FA2,13EF774F6D50D,1DFC5E31A1487,7,10,2,2,NA,,,'re making,'re making,,,,NA,,,,,,3,4,579,580,1,Predicates,179,,2,3,425,426,2C6910B5D9736,sbc002,37CC8B499644E,129DBB7EA117D,1DDA08109583D,19,3,1,3,Word,1,you,you,,2,4,,9580,12,PRON,669,2,2,2,578,578,40,Impersonal,36,NA,,NA,1,1,424,424,14,1
1DCCE70703F16,sbc002,2C8ABB5053FA2,ED036E5AFD7C,133BF6AC5CB36,12,4,1,3,NA,Word,3,have,have,,3,2,,9596,11,AUX,685,3,3,3,591,591,1,Predicates,179,,3,3,434,434,2AFBFECA66F19,sbc002,2C64BE29EB481,31B834FBC5143,264B2730B4EB7,18,4,1,5,Word,1,They,They],,1,4,,9594,9,NOUN,683,1,1,1,589,589,20,Kids' legs,12,thing,,NA,1,1,432,432,12,2
34DD8BCF5E6D9,sbc002,2C8ABB5053FA2,13E4AFC2A81,F637C7B6A9BE,5,5,1,1,NA,Word,3,reach,reach,,3,2,,9602,17,VERB,691,9,3,3,596,596,1,Predicates,179,,3,3,438,438,2A048161D3C8A,sbc002,35E741D3CFD25,14411302BCF4B,103407424AF9E,147,4,1,25,Word,2,they,they,,2,3,,9601,16,PRON,690,8,2,2,595,595,19,Little kids,4,person,,NA,2,2,437,437,107,1
2E049575DECD9,sbc002,2C8ABB5053FA2,20283392B41F7,306D9B550FB61,10,3,1,2,NA,Word,2,get,get,,3,9,,9614,2,VERB,703,3,3,3,606,606,1,Predicates,179,,2,2,444,444,37F1E35E5A958,sbc002,35E741D3CFD25,20CB99607EACD,17E581FDBBC3E,10,4,1,2,Word,1,They,They,,2,10,,9613,1,PRON,702,2,2,2,605,605,19,Little kids,4,person,,NA,1,1,443,443,6,1
EBB3E609F33D,sbc002,2C8ABB5053FA2,1156B95DE8688,73BBB2DF41EC,11,5,1,1,NA,Word,2,stops,stops][2:],,2,1,,9626,11,NOUN,715,2,2,2,617,617,1,Predicates,179,,2,2,454,454,37F1E35E5A958,sbc002,35E741D3CFD25,20CB99607EACD,17E581FDBBC3E,10,4,1,2,Word,1,They,They,,2,10,,9613,1,PRON,702,2,2,2,605,605,19,Little kids,4,person,,NA,1,1,443,443,6,11
1E0F3EC740921,sbc002,2C8ABB5053FA2,28857A514ABF5,9CA7DD4B6F16,10,5,1,4,NA,Word,4,break,break4],,4,1,,9640,12,VERB,729,4,4,4,627,627,1,Predicates,179,,4,4,459,459,3107853F0BEEF,sbc002,2C64BE29EB481,8D3110AA12AF,12A62CFC7191D,37,4,1,8,Word,3,they,they,,3,2,,9639,11,PRON,728,3,3,3,626,626,20,Kids' legs,12,thing,,NA,3,3,458,458,26,1
B9A0E5855C55,sbc002,2C8ABB5053FA2,13C15C5CEFDA6,8B0301036BEF,33,16,3,9,NA,,,are you planning,are you planning,,,,NA,,,,,,3,5,660,662,1,Predicates,179,,2,4,476,478,8DDC77124DC2,sbc002,29512A7724CA6,1A9A53E3EB1ED,383C4991B9BF8,241,3,1,45,Word,3,you,you,,4,6,,9683,4,PRON,772,4,4,4,661,661,3,Harold,29,person,,B9A0E5855C55,3,3,477,477,170,0
3511D61A5A29C,sbc002,2C8ABB5053FA2,749733ADBFC3,5B4B554D3C42,5,5,1,0,NA,Word,6,doing,doing,,7,3,,9686,7,VERB,775,7,8,8,665,665,1,Predicates,179,,6,6,480,480,30278E647D89C,sbc002,29512A7724CA6,2963D84F965FB,2A4FF7D92E57A,3,3,1,0,,,<0>,,,,,,,,,,,7,7,664,664,3,Harold,29,person,,NA,0,0,0,0,NA,480
2D3CD8408751C,sbc002,2C8ABB5053FA2,37205A59EB811,57737D205409,8,11,2,2,NA,,,were taking,were taking,,,,NA,,,,,,3,4,673,674,1,Predicates,179,,2,3,485,486,35CE7B9272F53,sbc002,29512A7724CA6,19DBA9906FD1,14511442DDF95,3,3,1,1,Word,1,You,You,,2,7,,9695,2,PRON,784,16,2,2,672,672,3,Harold,29,person,,NA,1,1,484,484,1,1
321C38E8A6999,sbc002,2C8ABB5053FA2,8B35C841D96,D83913284200,9,8,2,1,NA,,,'ll take,'ll take,,,,NA,,,,,,3,4,682,683,1,Predicates,179,,2,3,492,493,136C0AC5D7C25,sbc002,29512A7724CA6,208DA12ACC81F,25E6CA5F6E414,9,1,1,1,Word,1,I,I,,2,6,,9705,2,PRON,794,2,2,2,681,681,3,Harold,29,person,,NA,1,1,491,491,7,1
17F29ECA328EF,sbc002,2C8ABB5053FA2,37E333344D184,EFC6EC1D67C9,10,4,1,2,NA,Word,2,will,will],,2,1,,9718,6,PROPN,807,2,2,2,692,692,1,Predicates,179,,2,2,500,500,184EC12482946,sbc002,29512A7724CA6,89F275783A29,32A5CE1A4775F,10,3,1,2,Word,1,You,[You,,1,2,,9717,5,X,806,1,1,1,691,691,3,Harold,29,person,,NA,1,1,499,499,8,1
12BFF4CEFFF24,sbc002,2C8ABB5053FA2,2C47F530FC6D0,28E0A87902BC6,3,9,2,1,NA,,,turns out,turns out,,,,NA,,,,,,2,3,695,696,1,Predicates,179,,2,3,502,503,184EC12482946,sbc002,29512A7724CA6,89F275783A29,32A5CE1A4775F,10,3,1,2,Word,1,You,[You,,1,2,,9717,5,X,806,1,1,1,691,691,3,Harold,29,person,,NA,1,1,499,499,8,3
278EE9C3A4BF9,sbc002,2C8ABB5053FA2,2F489258EE10,2E0C3911AA754,7,6,2,1,NA,,,get in,get in,,,,NA,,,,,,2,3,702,703,1,Predicates,179,,2,3,508,509,3274DD0841050,sbc002,29512A7724CA6,1D3CD181D5E64,186494B269EBB,10,1,1,2,Word,1,I,I,,1,4,,9729,17,PRON,818,9,1,1,701,701,3,Harold,29,person,,NA,1,1,507,507,8,1
314E5CC5B8FC3,sbc002,2C8ABB5053FA2,D4AEE2CCB73B,22095FC4AAC62,11,2,1,4,NA,Word,2,'s,'s,,2,3,,9745,11,AUX,834,2,2,2,713,713,1,Predicates,179,,2,2,515,515,1F57AF10F7634,sbc002,37CC8B499644E,13ED46E8F0985,78898F0C5BB5,134,4,1,31,Word,1,That,That,,1,4,,9744,10,DET,833,1,1,1,712,712,40,Impersonal,36,NA,,NA,1,1,514,514,90,1
3578C15944037,sbc002,2C8ABB5053FA2,342ADD8BBA628,E9B273E22B6C,16,9,2,5,NA,,,should do,should [do,,,,NA,,,,,,2,3,729,730,1,Predicates,179,,2,3,525,526,2C152087CB575,sbc002,29512A7724CA6,585260C1992A,28466F34E44E8,27,1,1,9,Word,1,I,I,,1,4,,9765,7,PRON,854,4,1,1,728,728,3,Harold,29,person,,NA,1,1,524,524,17,1
FEE56137DD5A,sbc002,2C8ABB5053FA2,268D0C8DA371D,E5FF1C51FBC8,11,2,1,3,NA,Word,2,'s,'s,,3,5,,9780,3,AUX,869,3,3,3,740,740,1,Predicates,179,,2,2,532,532,2A4A15423631,sbc002,37CC8B499644E,21D5899201D1C,11269FBF64EB8,27,4,1,8,Word,1,That,That,,2,6,,9779,2,DET,868,2,2,2,739,739,40,Impersonal,36,NA,,NA,1,1,531,531,17,1
2B51AEA338167,sbc002,2C8ABB5053FA2,352B03E2116F7,2595A61B479D7,3,7,1,0,NA,Word,5,married,married,,6,2,,9783,6,VERB,872,6,6,6,743,743,1,Predicates,179,,5,5,535,535,18ED78FE18E09,sbc002,29512A7724CA6,10549D1B988EF,38D5799CE9B9B,14,3,1,3,Word,4,you,you,,5,3,,9782,5,PRON,871,5,5,5,742,742,3,Harold,29,person,,NA,4,4,534,534,10,1
37740A2333FE4,sbc002,2C8ABB5053FA2,E82A39E0C7E2,AE55DD75CEFC,32,15,3,15,NA,,,can not believe,can not be2]l:ieve,,,,NA,,,,,,2,4,775,777,1,Predicates,179,,2,4,547,549,728394798107,sbc002,163FA7FE4D539,1A5B034649C17,25701DBB691A9,30,1,1,15,Word,1,I,I,,1,7,,9829,15,PRON,918,6,1,1,774,774,11,Jamie,15,person,,NA,1,1,546,546,10,1
B874F25B701F,sbc002,2C8ABB5053FA2,1C4910331A2C4,29ED19C474F24,4,4,1,0,NA,Word,6,said,said,,6,2,,9834,20,VERB,923,11,6,6,779,779,1,Predicates,179,,6,6,551,551,291B28647114D,sbc002,29512A7724CA6,37723EDA0B269,241A0C0E7988F,36,3,1,15,Word,5,you,[3you,,5,3,,9833,19,X,922,10,5,5,778,778,3,Harold,29,person,,NA,5,5,550,550,16,1
17F748E6CD672,sbc002,2C8ABB5053FA2,5EA373E2AA34,F5440126508B,10,3,1,2,NA,Word,5,are,are,,5,1,,9846,4,AUX,935,5,5,5,789,789,1,Predicates,179,,5,5,557,557,233B63D294974,sbc002,29512A7724CA6,1BA29B58A185E,142A60CA6563B,10,3,1,2,Word,4,you,you,,4,2,,9845,3,PRON,934,4,4,4,788,788,3,Harold,29,person,,NA,4,4,556,556,6,1
1930CE1E03E25,sbc002,2C8ABB5053FA2,2D62BE1B90A93,248FE56078B8D,8,7,2,3,NA,,,Are n't,Are n't,,,,NA,,,,,,1,2,797,798,1,Predicates,179,,1,2,558,559,233B63D294974,sbc002,29512A7724CA6,1BA29B58A185E,142A60CA6563B,10,3,1,2,Word,4,you,you,,4,2,,9845,3,PRON,934,4,4,4,788,788,3,Harold,29,person,,NA,4,4,556,556,6,2
3130CBD5FDD44,sbc002,2C8ABB5053FA2,2472F7102DFD8,BAC48F5E58E,4,15,4,0,NA,,,gon na stick up,gon na stick up,,,,NA,,,,,,5,8,801,804,1,Predicates,179,,5,8,562,565,11E0574F5518C,sbc002,27DB6AEC09FAC,,369B3B9D5CD19,N/A,8,2,N/A,,,you guys,you guys,,,,NA,,,,,,3,4,799,800,25,Miles and Pete,1,person,,NA,3,4,560,561,NA,1
27E7C0A9120B1,sbc002,2C8ABB5053FA2,24190F57A11FC,2B4C83225FDC1,8,10,3,1,NA,,,beat up on,beat up on,,,,NA,,,,,,2,4,809,811,1,Predicates,179,,2,4,569,571,5E3302706F3E,sbc002,163FA7FE4D539,129FBA4179B55,1C56200BA8660,32,2,1,5,Word,10,me,me,,10,1,,9866,1,PRON,955,10,10,10,806,806,11,Jamie,15,person,,NA,10,10,567,567,21,2
1549B5CD13647,sbc002,2C8ABB5053FA2,31A8FAED034FD,51C2FBA7103A,8,2,1,1,NA,Word,2,'s,'s,,2,5,,9879,6,AUX,968,2,2,2,817,817,1,Predicates,179,,2,2,576,576,21EE41DFCA0A6,sbc002,29512A7724CA6,ECB2A834AF8A,9282A6821973,4,2,1,1,Word,1,He,He,,1,6,,9878,5,PRON,967,1,1,1,816,816,3,Harold,29,person,,NA,1,1,575,575,3,1
2AB158500F150,sbc002,2C8ABB5053FA2,8E845F28553D,37DF7C69FA969,4,2,1,0,NA,Word,6,am,am],,6,1,,9883,10,X,972,6,6,6,821,821,1,Predicates,179,,6,6,580,580,10426C792347C,sbc002,14164E90BFD8B,D070A0455816,9BBA037A429D,564,1,1,112,Word,5,I,[I,,5,2,,9882,9,X,971,5,5,5,820,820,10,Miles,9,person,,NA,5,5,579,579,394,1
2FE2B2F5E4FAA,sbc002,2C8ABB5053FA2,118631285FC52,26DAD0A3FF851,6,2,1,3,NA,Word,2,'s,'s,,2,5,,9892,7,AUX,981,2,2,2,827,827,1,Predicates,179,,2,2,582,582,F2CA8747983F,sbc002,29512A7724CA6,2A4CE56865092,18343AD415124,10,2,1,3,Word,1,He,He,,1,6,,9891,6,PRON,980,1,1,1,826,826,3,Harold,29,person,,NA,1,1,581,581,6,1
C363C37949E5,sbc002,2C8ABB5053FA2,17FD3BB032A4B,15515E6D95A57,11,2,1,2,NA,Word,3,'s,'s,,3,2,,9905,3,PART,994,3,3,3,838,838,1,Predicates,179,,3,3,590,590,2A2C157FAAE1B,sbc002,1AAE721BF572A,A3F95C3E1291,315E348CBC19C,6,2,1,2,Word,2,he,@he,,2,3,,9904,2,PROPN,993,2,2,2,837,837,17,Pete,16,person,,NA,2,2,589,589,3,1
235B0EF6294BD,sbc002,2C8ABB5053FA2,13D3EF593AD1B,3209F6F9B2F1A,5,2,1,2,NA,Word,2,'s,'s,,2,3,,9912,10,PART,1001,2,2,2,843,843,1,Predicates,179,,2,2,593,593,2303AF04D3849,sbc002,1AAE721BF572A,3130DA30A079F,37959F57B89E6,5,2,1,2,Word,1,he,@he,,1,4,,9911,9,PROPN,1000,1,1,1,842,842,17,Pete,16,person,,NA,1,1,592,592,3,1
1281B084D7AA7,sbc002,2C8ABB5053FA2,15B2DDDAA5A98,1ADE6A8A73BB9,6,2,1,1,NA,Word,3,'s,'s,,3,2,,9919,5,NOUN,1008,3,3,3,849,849,1,Predicates,179,,3,3,598,598,3233AD325F2BA,sbc002,37CC8B499644E,2B0B408C15A44,B2BB3D6E10B4,109,4,1,30,Word,2,that,[3that,,2,3,,9918,4,DET,1007,2,2,2,848,848,40,Impersonal,36,NA,,NA,2,2,597,597,66,1
14949E05AD9F0,sbc002,2C8ABB5053FA2,76ECB17E4376,13A5AAF84A3B1,6,4,1,3,NA,Word,2,know,know,,2,7,,9928,5,VERB,1017,2,2,2,855,855,1,Predicates,179,,2,2,601,601,1562FAEE1BA84,sbc002,163FA7FE4D539,11C05E7B13094,1EADD680C1964,48,3,1,13,Word,1,You,[4You,,1,8,,9927,4,X,1016,1,1,1,854,854,11,Jamie,15,person,,NA,1,1,600,600,33,1
6C997E0D00E7,sbc002,2C8ABB5053FA2,1AAB65C2506F3,338467728EED,3,16,4,0,NA,,,'ll stick up for,'ll] stick up [5for],,,,NA,,,,,,5,8,858,861,1,Predicates,179,,5,8,604,607,6620E0D71705,sbc002,1AAE721BF572A,180ADECDEC30F,2C05F03D0E50,15,1,1,4,Word,4,I,I,,4,5,,9930,1,PRON,1019,4,4,4,857,857,17,Pete,16,person,,NA,4,4,603,603,11,1
C8121EE69710,sbc002,2C8ABB5053FA2,12D4A375629B9,140DF67B5B10C,10,12,3,3,NA,,,stuck up for,stuck up for,,,,NA,,,,,,3,5,868,870,1,Predicates,179,,2,4,609,611,1E653D37A3B34,sbc002,1AAE721BF572A,45322090C279,30ABD483DA541,10,1,1,3,Word,1,I,I,,2,9,,9943,4,PRON,1032,2,2,2,867,867,17,Pete,16,person,,NA,1,1,608,608,5,1
2EF3C27613556,sbc002,2C8ABB5053FA2,196DE2AB61F09,1262EA266557E,10,2,1,1,NA,Word,2,'s,'s,,2,2,,9955,6,AUX,1044,2,2,2,878,878,1,Predicates,179,,2,2,618,618,7FAAEF1200EB,sbc002,37CC8B499644E,1FB4EE277297C,17F70A580BFB6,29,4,1,7,Word,1,That,That,,1,3,,9954,5,DET,1043,1,1,1,877,877,40,Impersonal,36,NA,,NA,1,1,617,617,20,1
1A4EC5AA9FC9E,sbc002,2C8ABB5053FA2,4214831C820,9A3F86C6845F,5,3,1,1,NA,Word,2,did,did,,3,1,,9961,12,AUX,1050,3,3,3,883,883,1,Predicates,179,,2,2,621,621,31B80B0E93BC5,sbc002,1AAE721BF572A,C1646441D307,90B11E9E939A,15,3,1,2,Word,1,You,You,,2,2,,9960,11,PRON,1049,2,2,2,882,882,17,Pete,16,person,,NA,1,1,620,620,12,1
1DB2D6E3D0B0B,sbc002,2C8ABB5053FA2,D929C732E0C7,316A337AF63D4,3,4,1,1,NA,Word,2,made,made,,2,4,,9965,4,VERB,1054,7,2,2,886,886,1,Predicates,179,,2,2,623,623,19DFA269EDC91,sbc002,1AAE721BF572A,24B18420D690C,25B58C28B1EAD,3,3,1,1,Word,1,You,[You,,1,5,,9964,3,PROPN,1053,6,1,1,885,885,17,Pete,16,person,,NA,1,1,622,622,2,1
143618F7F9B88,sbc002,2C8ABB5053FA2,8E9FBB4B18B6,447836BD9ABD,2,3,1,0,NA,Word,4,get,get],,4,2,,9967,1,VERB,1056,9,4,4,888,888,1,Predicates,179,,4,4,625,625,19DF5C8E57F53,sbc002,163FA7FE4D539,379F49A4C8A97,35A48C004ED4F,16,2,1,3,Word,3,me,me,,3,3,,9966,5,PRON,1055,8,3,3,887,887,11,Jamie,15,person,,NA,3,3,624,624,12,1
13BFBE4909A48,sbc002,2C8ABB5053FA2,360BF45B84751,CC938BCFBB96,8,2,1,3,NA,Word,2,'s,'s,,2,2,,9978,12,AUX,1067,2,2,2,896,896,1,Predicates,179,,2,2,630,630,170F10FCE6CFD,sbc002,37CC8B499644E,343BC58488CC0,4B14ABE65865,18,4,1,5,Word,1,that,that,,1,3,,9977,11,DET,1066,1,1,1,895,895,40,Impersonal,36,NA,,NA,1,1,629,629,12,1
2FEF162564ED1,sbc002,2C8ABB5053FA2,8CA714A6B908,25210A804D6CC,9,2,1,2,NA,Word,2,'s,'s,,3,2,,9989,8,AUX,1078,8,3,3,905,905,1,Predicates,179,,2,2,636,636,2A0DD7DED065,sbc002,37CC8B499644E,8FF3894603A5,180475BDF2F1A,9,4,1,2,Word,1,That,That,,2,3,,9988,7,DET,1077,7,2,2,904,904,40,Impersonal,36,NA,,NA,1,1,635,635,6,1
38E0EECB41E2,sbc002,2C8ABB5053FA2,18D1E08F83046,300557CCD5728,5,3,1,1,NA,Word,2,was,was,,3,5,,9995,6,AUX,1084,14,3,3,910,910,1,Predicates,179,,2,2,639,639,A11FF60EC7A5,sbc002,1AAE721BF572A,135A70A436378,20736B2F6348D,24,2,1,6,Word,1,He,He,,2,6,,9994,5,PRON,1083,13,2,2,909,909,17,Pete,16,person,,NA,1,1,638,638,16,1
2673A7E130BA1,sbc002,2C8ABB5053FA2,18889B9B4712F,37D26D8DFC8F8,15,7,2,5,NA,,,was n't,was n't,,,,NA,,,,,,3,4,925,926,1,Predicates,179,,2,3,647,648,20FCB1261B283,sbc002,29512A7724CA6,27DDF714EA118,3069F3BD93C91,80,1,1,21,Word,1,I,I,,2,3,,10014,7,PRON,1103,2,2,2,924,924,3,Harold,29,person,,NA,1,1,646,646,52,1
2588A3BE59023,sbc002,2C8ABB5053FA2,2EF4B760B0CC2,1D256DC8E9A3,5,2,1,1,NA,Word,2,'s,'s,,3,2,,10021,3,AUX,1110,3,3,3,930,930,1,Predicates,179,,2,2,650,650,1C7F29DA43F7E,sbc002,37CC8B499644E,26008B4AA78AE,22A0CCF14084F,25,4,1,7,Word,1,That,That,,2,3,,10020,2,DET,1109,2,2,2,929,929,40,Impersonal,36,NA,,NA,1,1,649,649,14,1
33F267D2716B4,sbc002,2C8ABB5053FA2,2A05E027A637F,1DEC56775DDD9,8,6,2,2,NA,,,do n't,do n't,,,,NA,,,,,,3,4,938,939,1,Predicates,179,,2,3,655,656,F28FB2586573,sbc002,163FA7FE4D539,2FD5645E25301,9AFD4C2AC45F,26,1,1,8,Word,1,I,I,,2,4,,10030,6,PRON,1119,6,2,2,937,937,11,Jamie,15,person,,NA,1,1,654,654,14,1
2F97F9153A96B,sbc002,2C8ABB5053FA2,244E44F64438D,22666EC2849D0,6,4,1,1,NA,Word,2,were,were,,3,5,,10038,3,AUX,1127,3,3,3,944,944,1,Predicates,179,,2,2,659,659,CCCD52D73E39,sbc002,1EB6B49F73ED6,,22B17C00FC695,N/A,2,1,N/A,Word,1,We,We,,2,6,,10037,2,PRON,1126,2,2,2,943,943,27,Harold and Pete,8,person,,NA,1,1,658,658,NA,1
FF9558BF6A21,sbc002,2C8ABB5053FA2,1C33BB0698EB2,27165D87EBF64,10,19,4,1,NA,,,kept trying to keep,kept trying to keep,,,,NA,,,,,,5,8,954,957,1,Predicates,179,,4,7,667,670,3219E5A797419,sbc002,21F03919D5EAE,,1076FAAE866AC,N/A,9,2,N/A,,,the clerk,the clerk,,,,NA,,,,,,2,3,951,952,28,Clothing store clerk,1,person,,NA,2,3,665,666,NA,1
37FA6F70D7E83,sbc002,2C8ABB5053FA2,2C7A77785B3F2,1A33119B4C594,11,10,2,2,NA,,,was buying,@was] @buy:ing,,,,NA,,,,,,3,4,965,966,1,Predicates,179,,3,4,676,677,11B91A6513F47,sbc002,163FA7FE4D539,29098CD35960C,20C68C18B5354,27,3,1,4,Word,2,she,@she,,2,3,,10061,26,PUNCT,1150,2,2,2,964,964,11,Jamie,15,person,,NA,2,2,675,675,21,1
10D864E385FD7,sbc002,2C8ABB5053FA2,25155D8B83DD0,6210D8228455,4,2,1,1,NA,Word,2,'s,'s,,2,2,,10067,5,AUX,1156,2,2,2,969,969,1,Predicates,179,,2,2,679,679,23DA61ACA24EB,sbc002,37CC8B499644E,34819E81F4B6,19002D1EC4429,39,4,1,7,Word,1,that,that,,1,3,,10066,4,DET,1155,1,1,1,968,968,40,Impersonal,36,NA,,NA,1,1,678,678,29,1
32457F3318B6E,sbc002,2C8ABB5053FA2,3587530C2038D,25C75E5E7E56B,5,22,5,2,NA,,,Don't you wanna try on,[2#Don't] #you #wanna try on,,,,NA,,,,,,1,5,974,978,1,Predicates,179,,1,5,681,685,2D5EC27B4EE2B,sbc002,1EB6B49F73ED6,331807CE555C6,A781B32120F9,17,3,1,5,Word,2,you,#you,,2,8,,10075,5,NOUN,1164,2,2,2,975,975,27,Harold and Pete,8,person,,32457F3318B6E,2,2,682,682,11,0
35B35CD0B02E,sbc002,2C8ABB5053FA2,116D90207C8FF,3023896AC1CAF,13,2,1,2,NA,Word,2,'m,'m,,2,6,,10089,7,AUX,1178,2,2,2,987,987,1,Predicates,179,,2,2,691,691,28CB973DDC91,sbc002,163FA7FE4D539,2E2E3F66CC0DB,28F5BDA687C4F,22,1,1,5,Word,1,I,[3I,,1,7,,10088,6,X,1177,1,1,1,986,986,11,Jamie,15,person,,NA,1,1,690,690,15,1
18986A39611BD,sbc002,2C8ABB5053FA2,2CB821A8BA010,330004EA5D504,4,3,1,0,NA,,,<0>,,,,,,,,,,,6,6,991,991,1,Predicates,179,,0,0,0,0,28CB973DDC91,sbc002,163FA7FE4D539,2E2E3F66CC0DB,28F5BDA687C4F,22,1,1,5,Word,1,I,[3I,,1,7,,10088,6,X,1177,1,1,1,986,986,11,Jamie,15,person,,NA,1,1,690,690,15,690
F543B1DB0674,sbc002,2C8ABB5053FA2,30F9BD62E2BC1,19476689A9E1E,1,9,1,0,NA,Word,6,suggested,suggested,,6,2,,10093,11,VERB,1182,6,7,7,992,992,1,Predicates,179,,6,6,695,695,30F04B37991DC,sbc002,163FA7FE4D539,2CE1ACC89268,330004EA5D504,5,3,1,0,,,<0>,,,,,,,,,,,6,6,991,991,11,Jamie,15,person,,NA,0,0,0,0,NA,695
25A659B3E59,sbc002,2C8ABB5053FA2,321376948B967,3498D0EF88CD,5,12,3,1,NA,,,would n't be,would n't be,,,,NA,,,,,,3,5,997,999,1,Predicates,179,,3,5,699,701,2E272DE1559F4,sbc002,1EB6B49F73ED6,579B068C30FB,36105F9A11DBA,21,3,1,3,Word,2,you,you,,2,6,,10098,2,PRON,1187,11,2,2,996,996,27,Harold and Pete,8,person,,NA,2,2,698,698,16,1
A27C010C13B8,sbc002,2C8ABB5053FA2,9F7953265781,190CF8F6F9902,12,8,2,3,NA,,,tried on,tried on,,,,NA,,,,,,3,4,1009,1010,1,Predicates,179,,3,4,708,709,250D6719FF9E7,sbc002,1EB6B49F73ED6,275FB40F66756,22CB815E8C374,12,4,1,3,Word,2,they,they,,2,7,,10113,17,PRON,1202,2,2,2,1008,1008,27,Harold and Pete,8,person,,NA,2,2,707,707,9,1
12DCE1871CC84,sbc002,2C8ABB5053FA2,242E4A5D14F0B,A3A308324E32,10,3,1,1,NA,Word,3,had,had,,4,9,,10125,11,AUX,1214,14,4,4,1019,1019,1,Predicates,179,,3,3,716,716,36A88A9F9D0F9,sbc002,22E9E2F0D6830,149303C93E9C5,B3132C0749D5,72,4,1,13,Word,2,they,they,,3,10,,10124,10,PRON,1213,13,3,3,1018,1018,26,Clothing store,3,location,,NA,2,2,715,715,52,1
25C8E5B9B789F,sbc002,2C8ABB5053FA2,1584A2E23CCFF,15CAA61CD3972,15,6,2,3,NA,,,try on,try on,,,,NA,,,,,,2,3,1034,1035,1,Predicates,179,,2,3,727,728,E5C9639D7AF6,sbc002,1EB6B49F73ED6,3168DFD11A175,2623ED7A8ED00,25,4,1,4,Word,1,they,they,,1,7,,10142,28,PRON,1231,1,1,1,1033,1033,27,Harold and Pete,8,person,,NA,1,1,726,726,19,1
2C3FCEF9A1A01,sbc002,2C8ABB5053FA2,349B222F78D2C,3469A1383F81D,9,4,1,1,NA,Word,3,look,look,,3,5,,10153,39,VERB,1242,12,3,3,1043,1043,1,Predicates,179,,3,3,735,735,29E55578D6AD7,sbc002,1EB6B49F73ED6,172D65F909FB,122244639AD24,9,4,1,1,Word,2,they,they,,2,6,,10152,38,PRON,1241,11,2,2,1042,1042,27,Harold and Pete,8,person,,NA,2,2,734,734,8,1
37E52C6351A7A,sbc002,2C8ABB5053FA2,2EB11D9317B9B,290AE5EDABCBB,10,11,3,1,NA,,,did n't buy,did n't buy,,,,NA,,,,,,4,6,1053,1055,1,Predicates,179,,3,5,742,744,F71B77A15F3C,sbc002,1EB6B49F73ED6,7A8796B27591,202E262C71DF8,10,4,1,1,Word,2,they,they,,3,5,,10163,1,PRON,1252,22,3,3,1052,1052,27,Harold and Pete,8,person,,NA,2,2,741,741,7,1
24834F9582BEB,sbc002,2C8ABB5053FA2,30EB121DE6E0,213F8ACED570E,13,4,1,3,NA,Word,2,know,know,,3,4,,10180,7,VERB,1269,3,3,3,1066,1066,1,Predicates,179,,2,2,749,749,2876159873282,sbc002,37CC8B499644E,23F50C15475F5,BB9BAFA72B03,97,3,1,17,Word,1,You,You,,2,5,,10179,6,PRON,1268,2,2,2,1065,1065,40,Impersonal,36,NA,,NA,1,1,748,748,70,1
22696ADB91D3E,sbc002,2C8ABB5053FA2,EAB3157531C6,6B2C99101275,3,3,1,0,NA,Word,5,are,are,,6,1,,10183,1,AUX,1272,6,6,6,1069,1069,1,Predicates,179,,5,5,752,752,2D68F8D5A4AF,sbc002,11378E960372F,,169B008D728CD,N/A,4,1,N/A,Word,4,boys,boys,,5,2,,10182,9,NOUN,1271,5,5,5,1068,1068,30,Boys,2,person,,NA,4,4,751,751,NA,1
11BDDDB004668,sbc002,2C8ABB5053FA2,2E5608B7BE82E,34E28554AC530,5,3,1,1,NA,Word,3,buy,buy,,4,2,,10189,3,VERB,1278,12,4,4,1074,1074,1,Predicates,179,,3,3,755,755,37B3B88A1AD86,sbc002,11378E960372F,2EC8E65EF091C,4C2E7175F268,4,4,1,1,Word,1,They,They,,2,4,,10187,1,PRON,1276,10,2,2,1072,1072,30,Boys,2,person,,NA,1,1,753,753,2,2
2B110D5348698,sbc002,2C8ABB5053FA2,2D2EE1E1CF2B,269C565DD2806,14,3,1,5,NA,Word,2,are,are,,4,3,,10208,4,AUX,1297,10,4,4,1088,1088,1,Predicates,179,,2,2,761,761,36A626782051A,sbc002,4394281F2607,,1B87CB952418D,N/A,8,1,N/A,Word,1,Students,Students,,3,4,,10207,3,NOUN,1296,9,3,3,1087,1087,31,Students,1,person,,NA,1,1,760,760,NA,1
31D001B1C0E6D,sbc002,2C8ABB5053FA2,1BB78A3F538E0,A0FB4145174A,12,2,1,5,NA,Word,1,is,is,,1,3,,10225,9,AUX,1314,5,1,1,1100,1100,1,Predicates,179,18B676B8CED85,1,1,765,765,1B1F207695172,sbc002,2DDFBB4178D47,,34798F5159FBF,N/A,4,1,N/A,Word,2,that,that,,2,2,,10226,1,DET,1315,6,2,2,1101,1101,32,Jazz music,10,abstract,F156DA464A28,NA,2,2,766,766,766,1
19F3867263E61,sbc002,2C8ABB5053FA2,2C8C768616E12,307E4D2368F97,6,2,1,1,NA,Word,2,is,[is,,3,4,,10232,7,X,1321,12,3,3,1106,1106,1,Predicates,179,35430EB04F23C,2,2,769,769,1FD310CCEAE59,sbc002,2DDFBB4178D47,1495AE9369E15,2FB3E8A532F6D,6,4,1,1,Word,3,that,that,,4,3,,10233,8,SCONJ,1322,13,4,4,1107,1107,32,Jazz music,10,abstract,29534E95E1E9F,NA,3,3,770,770,4,1
2EA1DFCC9C7A,sbc002,2C8ABB5053FA2,12A804EBB74DB,14B392066E556,8,2,1,2,NA,Word,2,'s,'s,,2,3,,10242,6,AUX,1331,5,2,2,1114,1114,1,Predicates,179,,2,2,775,775,6DA273F997FD,sbc002,2DDFBB4178D47,EF1F3583F708,35F44E8C8EE09,6,4,1,2,Word,1,that,that,,1,4,,10241,5,DET,1330,4,1,1,1113,1113,32,Jazz music,10,abstract,,NA,1,1,774,774,4,1
37EBB2CC90BC5,sbc002,2C8ABB5053FA2,3216D470B92D0,30165AC043845,5,2,1,1,NA,Word,2,'s,'s,,2,3,,10248,4,AUX,1337,11,2,2,1119,1119,1,Predicates,179,,2,2,779,779,26B6FD2F3C53A,sbc002,2DDFBB4178D47,3608CEA9A3FEA,389C6FB848FB0,5,4,1,1,Word,1,That,That,,1,4,,10247,3,DET,1336,10,1,1,1118,1118,32,Jazz music,10,abstract,,NA,1,1,778,778,4,1
22C4BBF9E0507,sbc002,2C8ABB5053FA2,112361E75A1E3,1E46D2892DBF,5,17,4,1,NA,,,'s it coming from,'s it coming from,,,,NA,,,,,,2,5,1124,1127,1,Predicates,179,,2,5,783,786,73A903DA32C9,sbc002,2DDFBB4178D47,F05453948399,323C9212C458A,7,2,1,1,Word,3,it,it,,3,3,,10255,11,PRON,1344,3,3,3,1125,1125,32,Jazz music,10,abstract,,22C4BBF9E0507,3,3,784,784,6,0
22139065BFE7,sbc002,2C8ABB5053FA2,19D928EBBBCB1,6CF70FEB8BE9,16,4,1,4,NA,Word,2,know,[know,,2,3,,10274,9,X,1363,6,2,2,1140,1140,1,Predicates,179,,2,2,794,794,14B694EE6CFB0,sbc002,37CC8B499644E,F4991AE80B12,63415122CA20,74,3,1,20,Word,1,You,You,,1,4,,10273,8,PRON,1362,5,1,1,1139,1139,40,Impersonal,36,NA,,NA,1,1,793,793,45,1
18087F2FE8727,sbc002,2C8ABB5053FA2,24BBF91CEE641,2BDADAF8526DE,15,9,2,6,NA,,,must have,must have],,,,NA,,,,,,2,3,1155,1156,1,Predicates,179,,2,3,798,799,3003B7C69801,sbc002,26AC4B2DA8CE2,,6330159B8A26,N/A,3,1,N/A,Word,1,You,[3You,,1,5,,10294,4,X,1383,1,1,1,1154,1154,33,Harold and Jamie,6,person,,NA,1,1,797,797,NA,1
1738C403AE391,sbc002,2C8ABB5053FA2,2C876B687493E,188827FA42CF9,7,4,1,1,NA,Word,3,feel,feel,,3,5,,10303,2,VERB,1392,10,3,3,1162,1162,1,Predicates,179,,3,3,804,804,4E60CB180919,sbc002,14164E90BFD8B,1B1E228990814,10F3D76600A56,341,1,1,80,Word,2,I,I,,2,6,,10302,1,PRON,1391,9,2,2,1161,1161,10,Miles,9,person,,NA,2,2,803,803,224,1
16E93B74E289A,sbc002,2C8ABB5053FA2,123DF189D8187,3840AD9FA8991,3,10,2,0,NA,,,'m hearing,'m hearing,,,,NA,,,,,,6,7,1165,1166,1,Predicates,179,,6,7,807,808,690443B35C47,sbc002,14164E90BFD8B,151185008E80B,29A7B83A7707F,3,1,1,0,Word,5,I,I,,5,3,,10305,4,PRON,1394,12,5,5,1164,1164,10,Miles,9,person,,NA,5,5,806,806,3,1
33339163BA872,sbc002,2C8ABB5053FA2,CADB9C1A1E5B,1D98C04CAB97A,5,4,1,1,NA,Word,2,have,have,,3,1,,10312,11,AUX,1401,3,3,3,1170,1170,1,Predicates,179,,2,2,810,810,25F37174D4981,sbc002,26AC4B2DA8CE2,FD43E8BD88EA,2DE8226D04FD5,15,2,1,2,Word,1,We,We,,2,2,,10311,10,PRON,1400,2,2,2,1169,1169,33,Harold and Jamie,6,person,,NA,1,1,809,809,12,1
2CCD6BD401C50,sbc002,2C8ABB5053FA2,2A0DB50710803,1922E80C4DFB8,4,3,1,1,NA,Word,2,are,are,,2,2,,10317,16,AUX,1406,8,2,2,1174,1174,1,Predicates,179,,2,2,812,812,23D2CF93DA0D7,sbc002,D6968A153A62,2F7DE716AA126,18A6A0053C5EB,32,5,1,9,Word,1,These,These,,1,3,,10316,15,DET,1405,7,1,1,1173,1173,34,Harold and Jamie's speakers,5,thing,,NA,1,1,811,811,15,1
24BC2FEAEA276,sbc002,2C8ABB5053FA2,49B39262AB7F,A0071A7F3B9D,10,2,1,2,NA,Word,2,is,is,,2,4,,10329,5,AUX,1418,2,2,2,1184,1184,1,Predicates,179,8AA49C73D89E,2,2,820,820,F9720A18DD33,sbc002,C4E2ABF9620A,,7CADCDD0794F,N/A,13,3,N/A,,,the other one,the other one],,,,NA,,,,,,3,5,1185,1187,50,The other speaker,1,thing,1A82FB9676D47,NA,3,5,821,823,NA,1
2418620FF31F,sbc002,2C8ABB5053FA2,156A03E1F7CB5,324F5CDA23952,6,3,1,1,NA,Word,2,are,are,,2,6,,10336,12,AUX,1425,2,2,2,1190,1190,1,Predicates,179,,2,2,825,825,34BD1CCCCDDC9,sbc002,D6968A153A62,1CD2E8C3E7341,15E649143FA4C,16,5,1,3,Word,1,These,These,,1,7,,10335,11,DET,1424,1,1,1,1189,1189,34,Harold and Jamie's speakers,5,thing,,NA,1,1,824,824,13,1
197A836FEFFF3,sbc002,2C8ABB5053FA2,14AD919070C23,54A2BC858E26,22,3,1,4,NA,Word,3,are,are,,3,7,,10362,5,AUX,1451,3,3,3,1212,1212,1,Predicates,179,,3,3,841,841,3888AF3D690D8,sbc002,D6968A153A62,292B9BEBD6921,45CE57B65935,22,5,1,4,Word,2,these,these,,2,8,,10361,4,DET,1450,2,2,2,1211,1211,34,Harold and Jamie's speakers,5,thing,,NA,2,2,840,840,16,1
7871F6892ED8,sbc002,2C8ABB5053FA2,333B6EAB245CB,28E59322CA472,9,7,1,1,NA,Word,2,thought,thought,,2,6,,10372,15,VERB,1461,2,2,2,1221,1221,1,Predicates,179,,2,2,849,849,351ECBA791AB0,sbc002,14164E90BFD8B,A889472F154F,2DF7C634EA69B,56,1,1,10,Word,1,I,[4I,,1,7,,10371,14,X,1460,1,1,1,1220,1220,10,Miles,9,person,,NA,1,1,848,848,42,1
34F1ED188CB5,sbc002,2C8ABB5053FA2,2CCF821B66BFA,28667E5144C76,2,3,1,0,NA,Word,4,was,was,,4,4,,10374,1,AUX,1463,4,4,4,1223,1223,1,Predicates,179,,4,4,851,851,16C3D2DFE2DCC,sbc002,2DDFBB4178D47,CC67F8FED528,38BB5AD483ACE,97,4,1,21,Word,3,that,that,,3,5,,10373,16,DET,1462,3,3,3,1222,1222,32,Jazz music,10,abstract,,NA,3,3,850,850,66,1
2645604CA9704,sbc002,2C8ABB5053FA2,1D6CF5956C016,3346C42CF3496,7,5,1,1,NA,Word,2,think,think,,3,9,,10382,5,VERB,1471,3,3,3,1230,1230,1,Predicates,179,,2,2,856,856,2FE28AB69B31D,sbc002,14164E90BFD8B,100E01A92DC6,F60AA79DB6C0,9,3,1,1,Word,1,You,You,,2,10,,10381,4,PRON,1470,2,2,2,1229,1229,10,Miles,9,person,,NA,1,1,855,855,7,1
3687624346B5F,sbc002,2C8ABB5053FA2,1A907B27EF264,2912D0E4A25D4,2,4,1,0,NA,Word,4,have,have,,5,7,,10384,7,AUX,1473,5,5,5,1232,1232,1,Predicates,179,,4,4,858,858,22EC6E0630D0E,sbc002,26AC4B2DA8CE2,1A15C980CB2DC,C643B5A6598C,62,2,1,10,Word,3,we,we,,4,8,,10383,6,PRON,1472,4,4,4,1231,1231,33,Harold and Jamie,6,person,,NA,3,3,857,857,48,1
306EE89AC7894,sbc002,2C8ABB5053FA2,B8F737E2A2E8,237198AA0E8C0,11,24,5,1,NA,,,was getting ready to say,[6was getting ready6] [7to say],,,,NA,,,,,,4,8,1243,1247,1,Predicates,179,,4,8,868,872,2636F012B2D5,sbc002,14164E90BFD8B,120C6A7E3133,6DA881D14E75,13,1,1,1,Word,3,I,I],,3,6,,10395,9,PROPN,1484,3,3,3,1242,1242,10,Miles,9,person,,NA,3,3,867,867,12,1
1C1D8F442DE66,sbc002,2C8ABB5053FA2,2DA9B3A5518A,625EF243CA8E,8,2,1,2,NA,Word,1,is,is,,2,4,,10406,9,AUX,1495,2,2,2,1251,1251,1,Predicates,179,47000CCD930,1,1,873,873,2898D2C69E7E9,sbc002,37CC8B499644E,2B77AEF058603,10674D72F55B2,114,8,1,21,Word,3,somebody,somebody,,4,2,,10408,2,PRON,1497,4,4,4,1253,1253,40,Impersonal,36,NA,1DDA6A49D8250,NA,3,3,875,875,82,2
37B05702F1C3B,sbc002,2C8ABB5053FA2,16B8FBBDD4490,314884DD16AAC,7,7,1,1,NA,Word,1,playing,playing,,2,1,,10413,7,VERB,1502,9,3,3,1258,1258,1,Predicates,179,,1,1,877,877,1FB2C47E1A7C2,sbc002,37CC8B499644E,304F070CDF814,20951C07466F9,4,3,1,1,,,<0>,,,,,NA,,,,,,2,2,1257,1257,40,Impersonal,36,NA,,NA,0,0,0,0,NA,877
50563A39B7C2,sbc002,2C8ABB5053FA2,18AAA37F3AE0E,10A371BE1E4CD,4,4,1,2,NA,Word,2,mean,#mean],,2,7,,10419,13,PROPN,1508,2,2,2,1262,1262,1,Predicates,179,,2,2,879,879,160FE407DAF00,sbc002,1AAE721BF572A,37E259EE336CA,1122782322518,255,1,1,54,Word,1,I,[#I,,1,8,,10418,12,X,1507,1,1,1,1261,1261,17,Pete,16,person,,NA,1,1,878,878,173,1
147D3E2A1CD4,sbc002,2C8ABB5053FA2,AD6F55B4E920,351953EF0535A,2,3,1,0,NA,Word,4,was,was,,4,5,,10421,2,AUX,1510,4,4,4,1264,1264,1,Predicates,179,,4,4,881,881,32BB299E784B5,sbc002,37CC8B499644E,15F281BC2B2BD,384CA85E646E9,6,4,1,2,Word,3,that,that,,3,6,,10420,1,DET,1509,3,3,3,1263,1263,40,Impersonal,36,NA,,NA,3,3,880,880,5,1
1641A3E2B347C,sbc002,2C8ABB5053FA2,2BC8A742B3FC8,12BD1532EF7F3,4,7,1,0,NA,Word,8,thought,[2thought–,,8,1,,10425,6,X,1514,8,8,8,1268,1268,1,Predicates,179,,8,8,885,885,166A8FB6CF5F6,sbc002,1AAE721BF572A,1C9E133019D33,31E534816D2E8,5,1,1,0,Word,6,I,I,,6,3,,10423,4,PRON,1512,6,6,6,1266,1266,17,Pete,16,person,,NA,6,6,883,883,5,2
2DF12DCA5E775,sbc002,2C8ABB5053FA2,2CE87201A8B00,5539AF490976,4,2,1,1,NA,Word,2,'s,'s,,3,4,,10430,11,AUX,1519,3,3,3,1272,1272,1,Predicates,179,,2,2,887,887,7445045A75E9,sbc002,37CC8B499644E,2F25F1B42F29C,DF063DBF715E,8,2,1,1,Word,1,It,It,,2,5,,10429,10,PRON,1518,2,2,2,1271,1271,40,Impersonal,36,NA,,NA,1,1,886,886,6,1
513386B64AD0,sbc002,2C8ABB5053FA2,16B33BDCD0ECF,2D9A865B557CA,10,7,2,1,NA,,,came on,came on2],,,,NA,,,,,,6,7,1282,1283,1,Predicates,179,,5,6,895,896,E348FACECACA,sbc002,2DDFBB4178D47,36A2F28499152,2AB6D0F59D8BB,57,8,2,9,,,the jazz,the ja:zz,,,,NA,,,,,,4,5,1280,1281,32,Jazz music,10,abstract,,NA,3,4,893,894,44,1
E9B19DF4C189,sbc002,2C8ABB5053FA2,25387EED0814D,24A11EB99642F,15,7,1,2,NA,Word,5,sounded,sounded,,5,6,,10458,8,VERB,1547,23,5,5,1297,1297,1,Predicates,179,,5,5,907,907,1C115638C183E,sbc002,2DDFBB4178D47,2C372035BF48A,152272A393F6F,16,2,1,2,Word,4,it,it,,4,7,,10457,7,PRON,1546,22,4,4,1296,1296,32,Jazz music,10,abstract,,NA,4,4,906,906,12,1
101738E8BDB5C,sbc002,2C8ABB5053FA2,1E47F52DCE29A,A82FADA274E8,3,3,1,0,NA,Word,8,was,was,,8,3,,10461,11,AUX,1550,26,8,8,1300,1300,1,Predicates,179,,8,8,910,910,F83DA4100AAA,sbc002,2DDFBB4178D47,2DB5E3A9A5E96,20CBD710F5A4E,3,2,1,0,Word,7,it,it,,7,4,,10460,10,PRON,1549,25,7,7,1299,1299,32,Jazz music,10,abstract,,NA,7,7,909,909,3,1
CF141E248E02,sbc002,2C8ABB5053FA2,2F23C4ECDD691,94A4533D0DD6,9,6,1,1,NA,Word,4,coming,coming],,5,5,,10470,20,X,1559,35,6,6,1309,1309,1,Predicates,179,,4,4,916,916,957C64C8A375,sbc002,2DDFBB4178D47,D31816D8BC34,1DAFD33555B81,9,3,1,1,,,<0>,,,,,,,,,,,5,5,1308,1308,32,Jazz music,10,abstract,,NA,0,0,0,0,NA,916
2705ADF74F5C9,sbc002,2C8ABB5053FA2,15922B80D49FD,2BE6E97B1A3A1,14,8,2,4,NA,,,would be,would be,,,,NA,,,,,,3,4,1323,1324,1,Predicates,179,,3,4,926,927,1AD3E3F9B0A42,sbc002,37CC8B499644E,1CA26324DF148,322616893F680,51,4,1,8,Word,2,that,that,,2,12,,10487,2,DET,1576,2,2,2,1322,1322,40,Impersonal,36,NA,,NA,2,2,925,925,39,1
FE1C6F03774C,sbc002,2C8ABB5053FA2,288A92E54AD21,3380FF0AFAD84,4,7,2,0,NA,,,to have,to have,,,,NA,,,,,,7,8,1327,1328,1,Predicates,179,,6,7,929,930,32A3991C7ED94,sbc002,37CC8B499644E,2EB617BF8A13E,13A08F40D571B,4,3,1,0,,,<0>,,,,,,,,,,,6,6,1326,1326,40,Impersonal,36,NA,,NA,0,0,0,0,NA,929
81391DCA1C14,sbc002,2C8ABB5053FA2,20CC3640E0232,36AA3612224D,11,5,1,2,NA,Word,1,would,would,,1,3,,10504,10,VERB,1593,1,1,1,1338,1338,1,Predicates,179,,1,1,938,938,32A3991C7ED94,sbc002,37CC8B499644E,2EB617BF8A13E,13A08F40D571B,4,3,1,0,,,<0>,,,,,,,,,,,6,6,1326,1326,40,Impersonal,36,NA,,NA,0,0,0,0,NA,938
31D470AD664DA,sbc002,2C8ABB5053FA2,1E6D7E14A30BC,BD8A8A0D7A41,11,4,1,3,NA,Word,4,have,have,,5,8,,10519,2,AUX,1608,5,5,5,1349,1349,1,Predicates,179,,4,4,945,945,345E4DCB67749,sbc002,26AC4B2DA8CE2,1BBC649ACC11B,7E3E9D417242,75,2,1,13,Word,2,we,we,,3,10,,10517,3,PRON,1606,3,3,3,1347,1347,33,Harold and Jamie,6,person,,NA,2,2,943,943,55,2
8C323D01E415,sbc002,2C8ABB5053FA2,122B2FA02B25B,118E1A1FCDFD5,10,2,1,1,NA,Word,2,'s,'s,,2,3,,10530,10,AUX,1619,2,2,2,1359,1359,1,Predicates,179,,2,2,954,954,34BAED4F2D20A,sbc002,37CC8B499644E,A4748E2D74F5,1573058712707,19,4,1,4,Word,1,That,That,,1,4,,10529,9,DET,1618,1,1,1,1358,1358,40,Impersonal,36,NA,,NA,1,1,953,953,14,1
14874FBFCA3C5,sbc002,2C8ABB5053FA2,38813FC8D3132,D9299C7DEFEE,9,7,1,2,NA,Word,1,kissing,kissing,,2,6,,10541,1,VERB,1630,13,2,2,1368,1368,1,Predicates,179,,1,1,959,959,198639F0C6E58,sbc002,35C98E2157604,,F782B25EAC0F,N/A,9,1,N/A,Word,2,teenagers,teenagers,,3,1,,10537,3,NOUN,1626,9,3,3,1365,1365,38,Teenagers,1,person,,NA,2,2,958,958,NA,1
1C490477244E5,sbc002,2C8ABB5053FA2,39432D69F172,334C8386027F7,18,8,1,4,NA,Word,4,throwing,throwing,,5,5,,10563,3,VERB,1652,5,5,5,1386,1386,1,Predicates,179,,4,4,970,970,16DE0D5AF4B8E,sbc002,35E741D3CFD25,18F6A6C0EC0B7,15AF65418F279,779,11,2,173,,,little kids,little kids,,,,NA,,,,,,3,4,1384,1385,19,Little kids,4,person,,NA,2,3,968,969,526,1
6311AC8D7757,sbc002,2C8ABB5053FA2,16364CF23B5A6,11DC086852E1,20,3,1,6,NA,Word,2,saw,saw,,2,2,,10589,11,VERB,1678,9,2,2,1406,1406,1,Predicates,179,,2,2,982,982,C38B6420C9C3,sbc002,1AAE721BF572A,3137CD14D0DCC,35D090D100163,140,3,1,27,Word,1,You,You,,1,3,,10588,10,PRON,1677,8,1,1,1405,1405,17,Pete,16,person,,NA,1,1,981,981,98,1
33B45034FE086,sbc002,2C8ABB5053FA2,E30BBBD8E2BE,1A795366EF9B6,5,3,1,1,NA,Word,2,saw,saw],,2,2,,10595,2,NOUN,1684,2,2,2,1411,1411,1,Predicates,179,,2,2,985,985,D40C7479F805,sbc002,1AAE721BF572A,A953B1604E3F,2B72A83EA9F25,5,1,1,1,Word,1,I,[2I,,1,3,,10594,1,X,1683,1,1,1,1410,1410,17,Pete,16,person,,NA,1,1,984,984,3,1
1009A08AB86CB,sbc002,2C8ABB5053FA2,27DBE8D524347,15E08C8874FFF,13,2,1,3,NA,Word,3,is,is,,3,2,,10611,18,AUX,1700,3,3,3,1424,1424,1,Predicates,179,37476DFEED425,3,3,994,994,213AD010FD98A,sbc002,27A6652FBAD2C,36E589C21220E,1770671F684DA,38,2,1,10,Word,4,it,it,,4,1,,10612,19,PRON,1701,4,4,4,1425,1425,39,Paint,5,thing,103D38A1D395E,NA,4,4,995,995,24,1
B13BEC62B640,sbc002,2C8ABB5053FA2,2E773807D4FD6,1916D525D4B2F,6,3,1,2,NA,Word,2,was,was,,2,6,,10619,2,AUX,1708,2,2,2,1430,1430,1,Predicates,179,,2,2,998,998,FEFCEAA1E475,sbc002,27A6652FBAD2C,316004D1DB1AA,2F89C66B0C0BF,2,2,1,1,Word,1,It,It,,1,7,,10618,1,PRON,1707,1,1,1,1429,1429,39,Paint,5,thing,,NA,1,1,997,997,1,1
34556C8315510,sbc002,2C8ABB5053FA2,24210A94F73C9,7F8BB8A13687,9,3,1,1,NA,Word,2,was,was,,2,2,,10629,5,AUX,1718,2,2,2,1439,1439,1,Predicates,179,,2,2,1005,1005,35955176777EE,sbc002,27A6652FBAD2C,A39B1BC217EF,19976C592D3D,9,2,1,1,Word,1,It,[5It,,1,3,,10628,4,X,1717,1,1,1,1438,1438,39,Paint,5,thing,,NA,1,1,1004,1004,7,1
