"id","name","unitLastWord","unitSeqLast","word","docTokenSeqLast","entityType","roleType","person"
"3D148B2FEEA8","slob phrug","<0> ཕེབས་ གནང་ །",3,"<0>",5,"person","S",0
"1CA978DCDE1DB","dpe mdzod do dam pa","<0> རྒན་ ངག་དབང་ ལགས་ ཡིན་ ནམ །",4,"<0>",9,"person","COPS",0
"14C5BE6658C39","dpe mdzod do dam pa","<0> རྒན་ ངག་དབང་ ལགས་ ཡིན་ ནམ །",4,"རྒན་ ངག་དབང་ ལགས་",12,"person","PRED",3
"1FE8CC91923D1","dpe mdzod do dam pa","ལགས་ <0> ཡིན །",5,"<0>",17,"person","PRED",0
"33A483E30E811","dpe mdzod do dam pa","ང་",6,"ང་",20,"person","COPS",1
"280CA1A8A425","bod yig sde tshan gyi dpe mdzod","འདི་ བོད་ཡིག་ སྡེ་ཚན་ གྱི་ དཔེ་མཛོད་ རེད་ པས ལགས །",7,"འདི་",21,"location","COPS",3
"7B8D3380E1B7","bod yig sde tshan","འདི་ བོད་ཡིག་ སྡེ་ཚན་ གྱི་ དཔེ་མཛོད་ རེད་ པས ལགས །",7,"བོད་ཡིག་ སྡེ་ཚན་",23,"organization","POSS",3
"324844D19047E","bod yig sde tshan gyi dpe mdzod","འདི་ བོད་ཡིག་ སྡེ་ཚན་ གྱི་ དཔེ་མཛོད་ རེད་ པས ལགས །",7,"བོད་ཡིག་ སྡེ་ཚན་ གྱི་ དཔེ་མཛོད་",25,"location","PRED",3
"1CC01F5DEFBA2","bod yig sde tshan gyi dpe mdzod","ལགས་ <0> <0> རེད །",8,"<0>",31,"location","COPS",0
"134D42FB97545","bod yig sde tshan gyi dpe mdzod","ལགས་ <0> <0> རེད །",8,"<0>",32,"location","PRED",0
"183DC7932D931","slob phrug","ཁྱེད་རང་ གང་ ནས་ ཕེབས་པ་ ཡིན་ ནམ །",10,"ཁྱེད་རང་",36,"person","S",2
"1373D1F88358","rgya gar","ཁྱེད་རང་ གང་ ནས་ ཕེབས་པ་ ཡིན་ ནམ །",10,"གང་ ནས་",38,"location","ADJ",3
"2DBE5E8F59A6D","slob phrug","ང་ རྒྱ་གར་ ནས་ ཡོང་པ་ ཡིན །",11,"ང་",43,"person","S",1
"F20CE11F519F","rgya gar","ང་ རྒྱ་གར་ ནས་ ཡོང་པ་ ཡིན །",11,"རྒྱ་གར་ ནས་",45,"location","ADJ",3
"1366768617","slob phrug","ང་ འདི ར་ སྤྱིར་བཏང་ <0> སློབ་སྦྱོང་ བྱེད་ གར་ ཡོང་བ་ ཡིན །",13,"ང་",50,"person","S",1
"287C6AAAA209D","mtho slob","ང་ འདི ར་ སྤྱིར་བཏང་ <0> སློབ་སྦྱོང་ བྱེད་ གར་ ཡོང་བ་ ཡིན །",13,"འདི ར་",52,"organization","OBL",3
"2E01887F5E6CF","slob phrug","ང་ འདི ར་ སྤྱིར་བཏང་ <0> སློབ་སྦྱོང་ བྱེད་ གར་ ཡོང་བ་ ཡིན །",13,"<0>",54,"person","A",0
"2B90728BB8B9A","slob sbyong","ང་ འདི ར་ སྤྱིར་བཏང་ <0> སློབ་སྦྱོང་ བྱེད་ གར་ ཡོང་བ་ ཡིན །",13,"སློབ་སྦྱོང་",55,"abstract","LVO",3
"1AF2B188E721B","slob phrug","<0> སློབ་ཕྲུག་ ཡིན་ X X",15,"<0>",63,"person","COPS",0
"82A7A61DA34","slob phrug","<0> སློབ་ཕྲུག་ ཡིན་ X X",15,"སློབ་ཕྲུག་",64,"person","PRED",3
"444F2F65FD2","mtho slob","མཐོ་སློབ་ འདི འི་ ནང་ ལ ཡ །",16,"མཐོ་སློབ་ འདི འི་",70,"organization","POSS",3
"1F90115EC01DA","mtho slob kyi nang","མཐོ་སློབ་ འདི འི་ ནང་ ལ ཡ །",16,"མཐོ་སློབ་ འདི འི་ ནང་ ལ",72,"location","ADJ",3
"2D868B44C8058","slob phrug","ཨ་ནི་ ང་ གཙོ་བོ་ རྒྱལ་རབས་ _P_ ཨ་ ཐོག་ ལ་ རིག་གཅིག་རྐང་འཛིན་ སློབ་སྦྱོང་ བྱས་པ་ ཡིན །",17,"ང་",76,"person","LVS",1
"208A6ED2AD07F","rgyal rabs","ཨ་ནི་ ང་ གཙོ་བོ་ རྒྱལ་རབས་ _P_ ཨ་ ཐོག་ ལ་ རིག་གཅིག་རྐང་འཛིན་ སློབ་སྦྱོང་ བྱས་པ་ ཡིན །",17,"རྒྱལ་རབས་ _P_ ཨ་ ཐོག་ ལ་",82,"abstract","ADJ",3
"27307A9338E29","slob sbyong","ཨ་ནི་ ང་ གཙོ་བོ་ རྒྱལ་རབས་ _P_ ཨ་ ཐོག་ ལ་ རིག་གཅིག་རྐང་འཛིན་ སློབ་སྦྱོང་ བྱས་པ་ ཡིན །",17,"སློབ་སྦྱོང་",84,"abstract","LVO",3
"1F79B357D83D8","mtho slob","བྱས་ ཙང་ འདི ར་ ཡ་",19,"འདི ར་",93,"organization","COPLOC",3
"31C1B7402374E","phyag dpe (general)","ཕྱག་དཔེ་ དེ་འདྲས་ གཡར་ གནང་ ཡག་ XX",20,"ཕྱག་དཔེ་",95,"thing","P",3
"185A58E04FEB0","phyag dpe (general)","ཕྱག་དཔེ་ དེ་འདྲས་ གཡར་ གནང་ ཡག་ XX",20,"ཕྱག་དཔེ་ དེ་འདྲས་ གཡར་ གནང་ ཡག་",99,"thing","EXIST",3
"32FB50AD0D1AC","phyag dpe (general)","ལ- ལགས་ <0> <0> ཡོད རེད །",24,"<0>",113,"thing","EXIST",0
"2B282F7B292DE","mtho slob","ལ- ལགས་ <0> <0> ཡོད རེད །",24,"<0>",114,"organization","COPLOC",0
"25DACB0FBB71C","slob phrug","<0> རྒྱ་གར་ གང་ ནས་ ཕེབས་པ་ ཡིན་ ནམ །",25,"<0>",118,"person","S",0
"2276CB469ABB5","rgya gar","<0> རྒྱ་གར་ གང་ ནས་ ཕེབས་པ་ ཡིན་ ནམ །",25,"རྒྱ་གར་ གང་ ནས་",121,"location","ADJ",3
"5D51BCB1E3E3","slob phrug","<0> རྒྱ་གར་ རྡ་རམ་ས་ལ་ ནས ཡིན །",26,"<0>",126,"person","COPS",0
"21D7366808412","rgya gar","<0> རྒྱ་གར་ རྡ་རམ་ས་ལ་ ནས ཡིན །",26,"རྒྱ་གར་",127,"location","POSS",3
"2B95CB73787C1","dha ram sa la","<0> རྒྱ་གར་ རྡ་རམ་ས་ལ་ ནས ཡིན །",26,"རྒྱ་གར་ རྡ་རམ་ས་ལ་ ནས",129,"location","PRED",3
"190C8DD569A6F","slob phrug","ཨ་ནི་ ང་ ཕྱག་དཔེ་ འདི་གས་ གཅིག་ །",32,"ང་",143,"person","A",1
"3507643836B44","phyag dpe (general)","ཨ་ནི་ ང་ ཕྱག་དཔེ་ འདི་གས་ གཅིག་ །",32,"ཕྱག་དཔེ་ འདི་གས་ གཅིག་",146,"thing","P",3
"AD8366855C2C","phyag dpe (general)","ཕྱག་དཔེ་ དེ་ ཚོ་",41,"ཕྱག་དཔེ་ དེ་ ཚོ་",172,"thing","P",3
"1E6F04CFF1598","dpe mdzod khang gi las byed pa","<0> ས་གནས་ ག་པར་ ནས་ བསྣམས་ ཡོང་བ་ རེད །",42,"<0>",173,"person","A",0
"12FF94C713457","phyag dpe'i dbyung gnas","<0> ས་གནས་ ག་པར་ ནས་ བསྣམས་ ཡོང་བ་ རེད །",42,"ས་གནས་ ག་པར་ ནས་",176,"location","ADJ",3
"BA27EDA76D83","phyag dpe (general)","ལྟ་ དེབ་ འདི་",44,"དེབ་ འདི་",185,"thing","FREE",3
"1CCB2A13BA1D","phyag dpe (general)","ཕལ་ཆེ་བ་ དེ་ ང་རང་ ཚོ་ རྒྱ་གར་ ནས་ འབྱོར་བ་ རེད །",46,"ཕལ་ཆེ་བ་ དེ་",188,"thing","P",3
"8961992833C0","dpe mdzod khang gi las byed pa","ཕལ་ཆེ་བ་ དེ་ ང་རང་ ཚོ་ རྒྱ་གར་ ནས་ འབྱོར་བ་ རེད །",46,"ང་རང་ ཚོ་",190,"person","A",1
"2C9ECCA249218","rgya gar","ཕལ་ཆེ་བ་ དེ་ ང་རང་ ཚོ་ རྒྱ་གར་ ནས་ འབྱོར་བ་ རེད །",46,"རྒྱ་གར་ ནས་",192,"location","ADJ",3
"E61808B43917","da lta","ད་ལྟ་ ང་ ཚོ་ འབྱོར་སྟངས་ དེ་",49,"ད་ལྟ་",198,"date/time","FREE",3
"210A855D38369","dpe mdzod khang gi las byed pa","ད་ལྟ་ ང་ ཚོ་ འབྱོར་སྟངས་ དེ་",49,"ང་ ཚོ་",200,"person","FREE",1
"8C870C0DC718","'byor stangs","ད་ལྟ་ ང་ ཚོ་ འབྱོར་སྟངས་ དེ་",49,"འབྱོར་སྟངས་ དེ་",202,NA,"FREE",3
"E4E359CB9D47","da lta","_%_ ད་ལྟ་ Library of Congress ཀྱི་ བརྒྱུད་ ནས་",50,"ད་ལྟ་",204,"date/time","ADJ",3
"373A7B5679943","library of congress","_%_ ད་ལྟ་ Library of Congress ཀྱི་ བརྒྱུད་ ནས་",50,"Library of Congress ཀྱི་ བརྒྱུད་ ནས་",210,"location","ADJ",3
"290BC13A6AF4E","bod yig sde tshan gyi dpe mdzod","ཚུར་ <0> བཏང་ ཡོང་ པ་ རེད །",51,"ཚུར་",211,"location","ADJ",3
"16501F75FB061","phyag dpe (general)","ཚུར་ <0> བཏང་ ཡོང་ པ་ རེད །",51,"<0>",212,"thing","P",0
"1E071312C153F","dpe mdzod khang gi las byed pa","ཨ་ནི་ ང་ ཚོ་ འདི ར་ འབྱོར་པ་ གཞན་དག་",53,"ང་ ཚོ་",222,"person","POSS",1
"2FB5CC9BA3573","bod yig sde tshan gyi dpe mdzod","ཨ་ནི་ ང་ ཚོ་ འདི ར་ འབྱོར་པ་ གཞན་དག་",53,"ང་ ཚོ་ འདི ར་",224,"location","ADJ",1
"2A9C0E38354BC","phyag dpe ('brug yul, 'bras ljongs, bal yul)","ཨ་ནི་ ང་ ཚོ་ འདི ར་ འབྱོར་པ་ གཞན་དག་",53,"ང་ ཚོ་ འདི ར་ འབྱོར་པ་ གཞན་དག་",226,"thing","S",1
"35890DA518F20","'brug yul","འབྲུག་ཡུལ་ ནས་ <0> བྱས །",56,"འབྲུག་ཡུལ་ ནས་",230,"location","ADJ",3
"352B4F45385F5","phyag dpe ('brug yul, 'bras ljongs, bal yul)","འབྲུག་ཡུལ་ ནས་ <0> བྱས །",56,"<0>",231,"thing","S",0
"1B9257EAFB264","dpe mdzod khang gi las byed pa","<0> བལ་ཡུལ་ ནས་ <0> བྱས །",60,"<0>",238,"person","A",0
"1E10CC1CACB58","bal yul","<0> བལ་ཡུལ་ ནས་ <0> བྱས །",60,"བལ་ཡུལ་ ནས་",240,"location","ADJ",3
"5EA708C879D","phyag dpe ('brug yul, 'bras ljongs, bal yul)","<0> བལ་ཡུལ་ ནས་ <0> བྱས །",60,"<0>",241,"thing","S",0
"2048F38072A66","dpe mdzod khang gi las byed pa","<0> འབྲས་ལྗོངས་ ནས་ <0> བྱས་ ཀྱི་ ཡོག་ རེད །",61,"<0>",244,"person","A",0
"3561D7B1B58D3","'bras ljongs","<0> འབྲས་ལྗོངས་ ནས་ <0> བྱས་ ཀྱི་ ཡོག་ རེད །",61,"འབྲས་ལྗོངས་ ནས་",246,"location","ADJ",3
"EF096110FB81","phyag dpe ('brug yul, 'bras ljongs, bal yul)","<0> འབྲས་ལྗོངས་ ནས་ <0> བྱས་ ཀྱི་ ཡོག་ རེད །",61,"<0>",247,"thing","S",0
"B36EBD05B78F","phyag dpe (general)","_%_ ལྟ་ ཕྱག་དཔེ་ ཕལ་ཆེ་བ་ དེ་",62,"ཕྱག་དཔེ་ ཕལ་ཆེ་བ་ དེ་",257,"thing","FREE",3
"1D464245B2187","phyag dpe (general)","དེ་ <0> རྒྱ་གར་ རང་ ནས་ འབྱོར་ གྱི་ ཡོད་ རེད །",64,"དེ་",259,"thing","P",3
"1F67B1F360952","dpe mdzod khang gi las byed pa","དེ་ <0> རྒྱ་གར་ རང་ ནས་ འབྱོར་ གྱི་ ཡོད་ རེད །",64,"<0>",260,"person","A",0
"A2450845844E","rgya gar","དེ་ <0> རྒྱ་གར་ རང་ ནས་ འབྱོར་ གྱི་ ཡོད་ རེད །",64,"རྒྱ་གར་ རང་ ནས་",263,"location","ADJ",3
"198B0392148A8","phyag dpe (bod nang nas)","ཨ་ནི་ འདི་པ་ ཕྱག་དཔེ་ ཁ་ཤས་ ཡང་",66,"འདི་པ་ ཕྱག་དཔེ་ ཁ་ཤས་",274,"thing","P",3
"CDC1ABD3810A","dpe mdzod khang gi las byed pa","<0> ལྷ་ས་ མི- ཨང མི་རིགས་ དཔར་བསྐྲུན་ ཁང་ དང་ །",67,"<0>",276,"person","A",0
"21D70352C7246","lha sa mi rigs dpar bskrun khang","<0> ལྷ་ས་ མི- ཨང མི་རིགས་ དཔར་བསྐྲུན་ ཁང་ དང་ །",67,"ལྷ་ས་ མི- ཨང མི་རིགས་ དཔར་བསྐྲུན་ ཁང་ དང་",283,"organization","FREE",3
"322D70AB90594","pe cing","ཡང་ པེ་ཅིང་ འདི་པ་ ནས་",68,"པེ་ཅིང་ འདི་པ་ ནས་",288,"location","ADJ",3
"202F397741072","'di 'dra (gdan 'dren zhu)","འདུག་ཟེེ་ གདན་འདྲེན་ ཞུས་པ་ འདི་འདྲས་ ཡོད་ རེད་ པས །",69,"འདུག་ཟེེ་",289,NA,NA,3
"101E46DD08021","gdan 'dren","འདུག་ཟེེ་ གདན་འདྲེན་ ཞུས་པ་ འདི་འདྲས་ ཡོད་ རེད་ པས །",69,"གདན་འདྲེན་",290,"abstract","LVO",3
"1D10878A25626","'di 'dra (gdan 'dren zhu)","འདུག་ཟེེ་ གདན་འདྲེན་ ཞུས་པ་ འདི་འདྲས་ ཡོད་ རེད་ པས །",69,"འདི་འདྲས་",292,NA,NA,3
"2ABB33F74A383","lha sa mi rigs dpar bskrun khang","འདི་ ནི ང་ ཚོ་ དམིགས་བསལ་ གྱི་ དེང་སང་ ཅིག་ ལྟ་ གཅིག་ ལེབ་རྦ་རི་ ཐད་ཀ ར་ འབྱོར་པ་ འདི་འདྲས་ མེད །",71,"འདི་ ནི",299,"organization","PTOP",3
"1899A138AD1C1","dpe mdzod khang gi las byed pa","འདི་ ནི ང་ ཚོ་ དམིགས་བསལ་ གྱི་ དེང་སང་ ཅིག་ ལྟ་ གཅིག་ ལེབ་རྦ་རི་ ཐད་ཀ ར་ འབྱོར་པ་ འདི་འདྲས་ མེད །",71,"ང་ ཚོ་",301,"person","A",1
"2A4733DEE616C","deng sang","འདི་ ནི ང་ ཚོ་ དམིགས་བསལ་ གྱི་ དེང་སང་ ཅིག་ ལྟ་ གཅིག་ ལེབ་རྦ་རི་ ཐད་ཀ ར་ འབྱོར་པ་ འདི་འདྲས་ མེད །",71,"དེང་སང་ ཅིག་",305,"date/time","OBL",3
"848B6E0D34BA","bod yig sde tshan gyi dpe mdzod","འདི་ ནི ང་ ཚོ་ དམིགས་བསལ་ གྱི་ དེང་སང་ ཅིག་ ལྟ་ གཅིག་ ལེབ་རྦ་རི་ ཐད་ཀ ར་ འབྱོར་པ་ འདི་འདྲས་ མེད །",71,"ལེབ་རྦ་རི་",308,"location","COPLOC",3
"34AF6B7A84407","'di 'dra (gdan 'dren zhu)","འདི་ ནི ང་ ཚོ་ དམིགས་བསལ་ གྱི་ དེང་སང་ ཅིག་ ལྟ་ གཅིག་ ལེབ་རྦ་རི་ ཐད་ཀ ར་ འབྱོར་པ་ འདི་འདྲས་ མེད །",71,"འདི་འདྲས་",312,NA,NA,3
"62C92AFDFD11","sngon ma","ཡིན་ནའི་ སྔོན་མ་ ད་ལྟ་ འདི ར་",73,"སྔོན་མ་",318,"date/time","ADJ",3
"12C89E8441DCE","bod yig sde tshan gyi dpe mdzod","_%_ དཔེ་མཛོད་ རང་ ལ་ ཕྱག་དཔེ་ ཡོད་ བསྡད་པ་ མང་པོ་ ཞིག་ འདུག",74,"དཔེ་མཛོད་ རང་ ལ་",325,"location","COPLOC",3
"3609CC1C709B9","phyag dpe (bod nang nas)","_%_ དཔེ་མཛོད་ རང་ ལ་ ཕྱག་དཔེ་ ཡོད་ བསྡད་པ་ མང་པོ་ ཞིག་ འདུག",74,"ཕྱག་དཔེ་",326,"thing","EXIST",3
"2D0633C38B41E","phyag dpe (bod nang nas)","_%_ དཔེ་མཛོད་ རང་ ལ་ ཕྱག་དཔེ་ ཡོད་ བསྡད་པ་ མང་པོ་ ཞིག་ འདུག",74,"ཕྱག་དཔེ་ ཡོད་ བསྡད་པ་",328,"thing","EXIST",3
"2F8AAFEBA0AAF","phyag dpe (bod nang nas)","དེ་ ཚོ་ ད་ལྟ་ ང་ ཚོ་",76,"དེ་ ཚོ་",335,"thing","LVP",3
"2BA154E80A0B7","da lta","དེ་ ཚོ་ ད་ལྟ་ ང་ ཚོ་",76,"ད་ལྟ་",336,"date/time","ADJ",3
"2D066CEA7A801","dpe mdzod khang gi las byed pa","དེ་ ཚོ་ ད་ལྟ་ ང་ ཚོ་",76,"ང་ ཚོ་",338,"person","LVA",1
"198E8B3A0268D","dkar chag","དཀར་ཆག་ བཟོས་ དང་ བཟོ་ བཞིན་པ་ ཡིན །",77,"དཀར་ཆག་",339,"thing","OBL",3
"DD5AF8F5C464","phyag dpe (bod nang nas)","ཕལ་ཆེ་བ་ དེ་ ཚོ་ ཨ་ནི་ ཕལ་ཆེ་བ དེ་ རེད་ ཤག་",79,"ཕལ་ཆེ་བ་ དེ་ ཚོ་",350,"thing","FREE",3
"341D7B3622990","phyag dpe (bod nang nas)","ཕལ་ཆེ་བ་ དེ་ ཚོ་ ཨ་ནི་ ཕལ་ཆེ་བ དེ་ རེད་ ཤག་",79,"ཕལ་ཆེ་བ དེ་",353,"thing","FREE",3
"2DC1C135D9717","lha sa mi rigs dpar bskrun khang","X ད་ལྟ་ མི་རིགས་ དཔེ་སྐྲུན་ ཁང་",80,"ད་ལྟ་ མི་རིགས་ དཔེ་སྐྲུན་ ཁང་",360,"organization","FREE",3
"1557B833BA917","bod ljongs mi rigs dpe skrun khang","ད་ལྟ་ བོད་ལྗོངས་ མི་རིགས་ དཔེ་སྐྲུན་ ཁང་",82,"བོད་ལྗོངས་ མི་རིགས་ དཔེ་སྐྲུན་ ཁང་",367,"organization","FREE",3
"19220BBE6C55D","lha sa dang bod ljongs mi rigs dpe skrun khang","ཁོང་ ཚོ་ ནས་",83,"ཁོང་ ཚོ་ ནས་",370,"organization","ADJ",3
"14168064A04B4","dpe skrun","དཔེ་སྐྲུན་ ཞུས་པ་ དེ་ ཚང་མ་ དེབ་གཟུགས་ ཀྱི་ ནང་ ལ་ རེད་ བཞག་",84,"དཔེ་སྐྲུན་",371,"abstract","LVO",3
"1FA91D88B5D67","phyag dpe (bod nang nas)","དཔེ་སྐྲུན་ ཞུས་པ་ དེ་ ཚང་མ་ དེབ་གཟུགས་ ཀྱི་ ནང་ ལ་ རེད་ བཞག་",84,"དཔེ་སྐྲུན་ ཞུས་པ་ དེ་",373,"thing","COPS",3
"2D92DC166972","deb gzugs","དཔེ་སྐྲུན་ ཞུས་པ་ དེ་ ཚང་མ་ དེབ་གཟུགས་ ཀྱི་ ནང་ ལ་ རེད་ བཞག་",84,"དེབ་གཟུགས་ ཀྱི་ ནང་ ལ་",378,"abstract","PRED",3
"3388D33886F61","slob phrug","ལྟ་ དཔེར་ན་ ཆ་བཞག་ ན་ ཁྱེད་རང་ དེ་ མཁྱེན་མཁྱེན་པ་ རེད་པ །",86,"ཁྱེད་རང་",387,"person","A",2
"12E65DA9D8DA1","phyag dpe (bod nang nas)","ལྟ་ དཔེར་ན་ ཆ་བཞག་ ན་ ཁྱེད་རང་ དེ་ མཁྱེན་མཁྱེན་པ་ རེད་པ །",86,"དེ་",388,"thing","P",3
"27635AD0CE23A","impersonal","འདི་ ང་ ཚོ་ འདི་ རེད་ པ །",88,"ང་ ཚོ་",396,"person","FREE",1
"183F0475EF6F7","phyag dpe (bod nang nas)","འདི་ ང་ ཚོ་ འདི་ རེད་ པ །",88,"འདི་",397,"thing","FREE",3
"37973D7A97929","phyag dpe (bod nang nas)","<0> གང་ ཟེར །",89,"<0>",401,"thing","P",0
"27E3D66CE7501","phyag dpe (bod nang nas)","<0> གང་ ཟེར །",89,"གང་",402,"thing","P",3
"1E9C10EA8CB10","phyag dpe (bod nang nas)","<0> ཕྱག་དཔེ་ རང་ རེད་ པ །",90,"<0>",405,"thing","COPS",0
"379300D30317F","phyag dpe (bod nang nas)","<0> ཕྱག་དཔེ་ རང་ རེད་ པ །",90,"ཕྱག་དཔེ་",406,"thing","PRED",3
"20D882AAC6AB2","phyag dpe (bod nang nas)","<0> ཕྱག་དཔེ་ རང་ རེད་ པ །",91,"<0>",411,"thing","COPS",0
"29D84A9323E38","phyag dpe (bod nang nas)","<0> ཕྱག་དཔེ་ རང་ རེད་ པ །",91,"ཕྱག་དཔེ་",412,"thing","PRED",3
"C34899CFEE33","phyag dpe (bod nang nas)","ལགས་ <0> <0> རེད །",92,"<0>",418,"thing","COPS",0
"36DC1F3D43BC6","phyag dpe (bod nang nas)","ལགས་ <0> <0> རེད །",92,"<0>",419,"thing","PRED",0
"110C65952BA16","phyag dpe (bod nang nas)","ཕྱག་དཔེ་ བྱས །",93,"ཕྱག་དཔེ་ བྱས",423,"thing","FREE",3
"C4B1EEE41C21","lha sa dang bod ljongs mi rigs dpe skrun khang","ཨ་ནི་ ད་ ཁོང་རྣམས་ཚོ ས་ དེ་",94,"ཁོང་རྣམས་ཚོ ས་",428,"organization","A",3
"1BDEDF6CC92D7","phyag dpe (bod nang nas)","ཨ་ནི་ ད་ ཁོང་རྣམས་ཚོ ས་ དེ་",94,"དེ་",429,"thing","P",3
"259C6BF37E02","manner (deb gzugs byed)","འདི་འདྲས་ འདྲ་པོ་ ཞིག་ རེད །",96,"འདི་འདྲས་ འདྲ་པོ་ ཞིག་",433,NA,NA,3
"9F336057120E","lha sa dang bod ljongs mi rigs dpe skrun khang","<0> <0> དེབ་གཟུགས་ བྱས་ བྱས །",97,"<0>",436,"organization","A",0
"18F82001A4B3D","phyag dpe (bod nang nas)","<0> <0> དེབ་གཟུགས་ བྱས་ བྱས །",97,"<0>",437,"thing","P",0
"1CE95E5C3EE8E","lha sa dang bod ljongs mi rigs dpe skrun khang","<0> <0> འདི་འདྲས་ འདྲ་པོ་ བྱས་ བྱས་ <0> འབྱོར་ གྱི་ ཡོད་ རེད །",98,"<0>",442,"organization","A",0
"77875281E3A9","phyag dpe (bod nang nas)","<0> <0> འདི་འདྲས་ འདྲ་པོ་ བྱས་ བྱས་ <0> འབྱོར་ གྱི་ ཡོད་ རེད །",98,"<0>",443,"thing","P",0
"1C20121E63D43","manner (deb gzugs byed)","<0> <0> འདི་འདྲས་ འདྲ་པོ་ བྱས་ བྱས་ <0> འབྱོར་ གྱི་ ཡོད་ རེད །",98,"འདི་འདྲས་ འདྲ་པོ་",445,NA,NA,3
"48248FF0C105","phyag dpe (bod nang nas)","<0> <0> འདི་འདྲས་ འདྲ་པོ་ བྱས་ བྱས་ <0> འབྱོར་ གྱི་ ཡོད་ རེད །",98,"<0>",448,"thing","S",0
"377C4C516E9CF","lha sa dang bod ljongs mi rigs dpe skrun khang","<0> <0> དེབ་གཟུགས་ བྱས་ བྱས །",100,"<0>",456,"organization","A",0
"33E5B92D21E96","phyag dpe (bod nang nas)","<0> <0> དེབ་གཟུགས་ བྱས་ བྱས །",100,"<0>",457,"thing","P",0
"2BE437474D646","phyag dpe (bod nang nas)","ལྟ་ དེ་ ཚོ་ ང་ ཚོ་ གཞི་ནས་",102,"དེ་ ཚོ་",467,"thing","P",3
"F1EB45B87C2E","dpe mdzod khang gi las byed pa","ལྟ་ དེ་ ཚོ་ ང་ ཚོ་ གཞི་ནས་",102,"ང་ ཚོ་",469,"person","A",1
"29931350829A8","dkar chag","དཀར་ཆག་ བཟོ་ བཞིན་པ་ ཡིན །",103,"དཀར་ཆག་",471,"thing","OBL",3
"11E2142A65273","slob phrug","ཨ་ནི་ ང་ གཙོ་བོ་ འདི ར",106,"ང་",482,"person","S",1
"7F396B6C5D67","bcar ya yi rgyu mtshan","ཨ་ནི་ ང་ གཙོ་བོ་ འདི ར",106,"ང་ གཙོ་བོ་ འདི ར",485,"abstract","FREE",1
"150C7F76F7D52","bod yig sde tshan gyi dpe mdzod","ཨ་ནི་ ང་ གཙོ་བོ་ འདི ར",106,"འདི ར",485,"location","OBL",3
"238EF399DBCE1","da lta","ད་ལྟ་ བཅར་ དགོས་ ཡ་ རྒྱུ་མཚན་ དེ་",107,"ད་ལྟ་",486,"date/time","ADJ",3
"10F43E43B680C","bcar ya yi rgyu mtshan","ད་ལྟ་ བཅར་ དགོས་ ཡ་ རྒྱུ་མཚན་ དེ་",107,"ད་ལྟ་ བཅར་ དགོས་ ཡ་ རྒྱུ་མཚན་ དེ་",491,"abstract","FREE",3
"68A03E4EC118","slob phrug","<0> <0> རྒྱལ་རབས་ ཀྱི་ དེབ་ འདི་འདྲས་ མང་པོ་ བཙལ་བ ར་ ཡོང་བ་ ཡིན །",108,"<0>",492,"person","S",0
"34C215A49730C","slob phrug","<0> <0> རྒྱལ་རབས་ ཀྱི་ དེབ་ འདི་འདྲས་ མང་པོ་ བཙལ་བ ར་ ཡོང་བ་ ཡིན །",108,"<0>",493,"person","A",0
"213408A8E4219","rgyal rabs","<0> <0> རྒྱལ་རབས་ ཀྱི་ དེབ་ འདི་འདྲས་ མང་པོ་ བཙལ་བ ར་ ཡོང་བ་ ཡིན །",108,"རྒྱལ་རབས་ ཀྱི་",495,"abstract","POSS",3
"1A0AEF02ABCCE","rgyal rabs kyi deb","<0> <0> རྒྱལ་རབས་ ཀྱི་ དེབ་ འདི་འདྲས་ མང་པོ་ བཙལ་བ ར་ ཡོང་བ་ ཡིན །",108,"རྒྱལ་རབས་ ཀྱི་ དེབ་",496,"thing","P",3
"1C2F3CE494EF3","rgyal rabs kyi deb","ཨ་ནི་ རྒྱལ་རབས་ ནང་ གི་ གཙོ་བོ་ བོད་ ནས་ བྲིས་ བཞག་པ <0> །",110,"རྒྱལ་རབས་ ནང་ གི་",509,"thing","POSS",3
"190BE7E196928","bod nas bris pa'i deb","ཨ་ནི་ རྒྱལ་རབས་ ནང་ གི་ གཙོ་བོ་ བོད་ ནས་ བྲིས་ བཞག་པ <0> །",110,"རྒྱལ་རབས་ ནང་ གི་ གཙོ་བོ་",510,"thing","COPS",3
"3732334C40657","bod","ཨ་ནི་ རྒྱལ་རབས་ ནང་ གི་ གཙོ་བོ་ བོད་ ནས་ བྲིས་ བཞག་པ <0> །",110,"བོད་ ནས་",512,"location","OBL",3
"22F49467D4F48","bod nas bris pa'i deb","ཨ་ནི་ རྒྱལ་རབས་ ནང་ གི་ གཙོ་བོ་ བོད་ ནས་ བྲིས་ བཞག་པ <0> །",110,"བོད་ ནས་ བྲིས་ བཞག་པ",514,"thing","PRED",3
"27CF2E7EF32C3","slob phrug","<0> བོད་ ནས་ བྲིས་ བཞག་ ཟེར་ ན འི་",112,"<0>",522,"person","A",0
"26A6BB76CC2BE","bod","<0> བོད་ ནས་ བྲིས་ བཞག་ ཟེར་ ན འི་",112,"བོད་ ནས་",524,"location","OBL",3
"32976A4F2D266","bod nas bris pa'i deb","<0> བོད་ ནས་ བྲིས་ བཞག་ ཟེར་ ན འི་",112,"བོད་ ནས་ བྲིས་ བཞག་",526,"thing","P",3
"A679293BFC6","bod","བོད་ ནས་ མར་ དཔར་བསྐྲུན་ བྱས་པ འི་ རྒྱལ་རབས་ ཀྱི་ དེབ་ རེད །",113,"བོད་ ནས་",531,"location","OBL",3
"2D51E0667DE3F","bod nas bris pa'i deb","བོད་ ནས་ མར་ དཔར་བསྐྲུན་ བྱས་པ འི་ རྒྱལ་རབས་ ཀྱི་ དེབ་ རེད །",113,"བོད་ ནས་ མར་ དཔར་བསྐྲུན་ བྱས་པ འི་ རྒྱལ་རབས་ ཀྱི་ དེབ་",538,"thing","PRED",3
"2A14BDB04592D","dpar bskrun","བོད་ ནས་ མར་ དཔར་བསྐྲུན་ བྱས་པ འི་ རྒྱལ་རབས་ ཀྱི་ དེབ་ རེད །",113,"དཔར་བསྐྲུན་",533,"abstract","LVO",3
"FD16406D2026","rgyal rabs","བོད་ ནས་ མར་ དཔར་བསྐྲུན་ བྱས་པ འི་ རྒྱལ་རབས་ ཀྱི་ དེབ་ རེད །",113,"རྒྱལ་རབས་ ཀྱི་",537,"abstract","POSS",3
"10E4027CCC028","rgya gar nas bris pa","ད་ག་ ནང་བཞིན་ གང་ ཟེར་ རྒྱ་ནག་ གི",114,"ད་ག་ ནང་བཞིན་",542,"thing","FREE",3
"1E9199884955","gang (zer)","ད་ག་ ནང་བཞིན་ གང་ ཟེར་ རྒྱ་ནག་ གི",114,"གང་",543,"abstract","P",3
"3787A284C44D2","rgya nag","ད་ག་ ནང་བཞིན་ གང་ ཟེར་ རྒྱ་ནག་ གི",114,"རྒྱ་ནག་ གི",546,"location","POSS",3
"11431185B8F15","gang (zer)","གང་ ཟེར་",116,"གང་",548,"abstract","P",3
"73569E7BB9D1","rgya gar","རྒྱ་གར་ ནས་ དཔར་བསྐྲུན་ བྱས་པ འི་ དེབ་ རེད །",117,"རྒྱ་གར་ ནས་",551,"location","ADJ",3
"37D5890C21663","deb","རྒྱ་གར་ ནས་ དཔར་བསྐྲུན་ བྱས་པ འི་ དེབ་ རེད །",117,"རྒྱ་གར་ ནས་ དཔར་བསྐྲུན་ བྱས་པ འི་ དེབ་",555,"thing","PRED",3
"2C8CF6EA4E6F9","dpar bskrun","རྒྱ་གར་ ནས་ དཔར་བསྐྲུན་ བྱས་པ འི་ དེབ་ རེད །",117,"དཔར་བསྐྲུན་",552,"abstract","LVO",3
"372B764AC9AF6","bod yig sde tshan gyi dpe mdzod","ཨ་ནི་ ཡང་ <0> ཕྱི་རྒྱལ་ ནུབ་ཕྱོགས་པ འི་ མི་རིགས་ འདི་འདྲས་",118,"<0>",560,"location","COPLOC",0
"22F9CC6A2CBE8","phyi rgyal nub phyogs pa","ཨ་ནི་ ཡང་ <0> ཕྱི་རྒྱལ་ ནུབ་ཕྱོགས་པ འི་ མི་རིགས་ འདི་འདྲས་",118,"ཕྱི་རྒྱལ་ ནུབ་ཕྱོགས་པ འི་",563,"person","POSS",3
"11C3BB35B8A6A","nub phyogs pa'i mi rigs","ཨ་ནི་ ཡང་ <0> ཕྱི་རྒྱལ་ ནུབ་ཕྱོགས་པ འི་ མི་རིགས་ འདི་འདྲས་",118,"ཕྱི་རྒྱལ་ ནུབ་ཕྱོགས་པ འི་ མི་རིགས་",564,"person","A",3
"79CC1DC8D56E","bod skad nang bris pa'i rgyal rabs kyi deb","ཨ་ནི་ ཡང་ <0> ཕྱི་རྒྱལ་ ནུབ་ཕྱོགས་པ འི་ མི་རིགས་ འདི་འདྲས་",118,"ཕྱི་རྒྱལ་ ནུབ་ཕྱོགས་པ འི་ མི་རིགས་ འདི་འདྲས་",565,"thing","EXIST",3
"1EF5865ACB1FC","nub phyogs pas bris pa","ཨ་ནི་ ཡང་ <0> ཕྱི་རྒྱལ་ ནུབ་ཕྱོགས་པ འི་ མི་རིགས་ འདི་འདྲས་",118,"འདི་འདྲས་",565,"`",NA,3
"15B4227A5D5BF","bod skad","བོད་སྐད་ ནང་ བྲིས་པ འི་ རྒྱལ་རབས་ ཀྱི་ དེབ་ ཡོད་པ་ ཡིན་ ན །",119,"བོད་སྐད་ ནང་",567,"abstract","ADJ",3
"1E9C0D0B8D7A4","bod skad nang bris pa'i rgyal rabs kyi deb","བོད་སྐད་ ནང་ བྲིས་པ འི་ རྒྱལ་རབས་ ཀྱི་ དེབ་ ཡོད་པ་ ཡིན་ ན །",119,"བོད་སྐད་ ནང་ བྲིས་པ འི་ རྒྱལ་རབས་ ཀྱི་ དེབ་",572,"thing","EXIST",3
"34C001EC25987","rgyal rabs","བོད་སྐད་ ནང་ བྲིས་པ འི་ རྒྱལ་རབས་ ཀྱི་ དེབ་ ཡོད་པ་ ཡིན་ ན །",119,"རྒྱལ་རབས་ ཀྱི་",571,"abstract","POSS",3
"159EBDD3F99AD","nub phyogs pas bris pa","དེ་འདྲས་ འདྲ་པོ་ ཨང་",122,"དེ་འདྲས་ འདྲ་པོ་",580,"`",NA,3
"370DBAF338661","bod skad nang bris pa'i rgyal rabs kyi deb","ཁ་ཤས་ ཤིག་ ང་ ཨང་",123,"ཁ་ཤས་ ཤིག་",583,"thing","LVP",3
"233CAD1C34F49","slob phrug","ཁ་ཤས་ ཤིག་ ང་ ཨང་",123,"ང་",584,"person","A",1
"142C351DDF255","mkho sgrub","མཁོ་སྒྲུབ་ ཞུ་ གི་ ཡོད །",124,"མཁོ་སྒྲུབ་",586,"abstract","LVO",3
"1C5E09BCBE1C7","bod dang rgya gar dang nub phyogs la bris pa'i deb","ཨ་ནི་ འདི་གས་ ཁྱེད་རང་ གིས་ <0> གཡར་ གནང་ ཐུབ་ ཀྱི་ རེད་ པས །",126,"འདི་གས་",596,"thing","P",3
"730D3DAB7122","dpe mdzod do dam pa","ཨ་ནི་ འདི་གས་ ཁྱེད་རང་ གིས་ <0> གཡར་ གནང་ ཐུབ་ ཀྱི་ རེད་ པས །",126,"ཁྱེད་རང་ གིས་",598,"person","A",2
"152399F303FC6","slob phrug","ཨ་ནི་ འདི་གས་ ཁྱེད་རང་ གིས་ <0> གཡར་ གནང་ ཐུབ་ ཀྱི་ རེད་ པས །",126,"<0>",599,"person","OBL",0
"1AB4EC1CC8C3D","dpe mdzod khang gi las byed pa","ལྟ་ ང་ ཚོ་ འདི་ བོད་ ཀྱི་ རྒྱལ་རབས་ དང་ ལོ་རྒྱུས་ སྐོར་ ལ་",128,"ང་ ཚོ་",612,"person","FREE",1
"358E025F742F2","bod","ལྟ་ ང་ ཚོ་ འདི་ བོད་ ཀྱི་ རྒྱལ་རབས་ དང་ ལོ་རྒྱུས་ སྐོར་ ལ་",128,"བོད་ ཀྱི་",615,"location","POSS",3
"18DA03549875","bod kyi rgyal rabs dang lo rgyus","ལྟ་ ང་ ཚོ་ འདི་ བོད་ ཀྱི་ རྒྱལ་རབས་ དང་ ལོ་རྒྱུས་ སྐོར་ ལ་",128,"བོད་ ཀྱི་ རྒྱལ་རབས་ དང་ ལོ་རྒྱུས་ སྐོར་ ལ་",620,"abstract","FREE",3
"23307B1B918D3","da lta","དེ་ ད་ལྟ་ བོད་སྐད་ ཀྱི་ ཐོག་ ལ་ ཡོད་པ་",131,"ད་ལྟ་",625,"date/time","FREE",3
"3016E39A18BF6","bod skad","དེ་ ད་ལྟ་ བོད་སྐད་ ཀྱི་ ཐོག་ ལ་ ཡོད་པ་",131,"བོད་སྐད་ ཀྱི་ ཐོག་ ལ་",629,"abstract","COPLOC",3
"1167A2095F35B","bod skad kyi thog la yod pa'i deb","དེ་ ད་ལྟ་ བོད་སྐད་ ཀྱི་ ཐོག་ ལ་ ཡོད་པ་",131,"བོད་སྐད་ ཀྱི་ ཐོག་ ལ་ ཡོད་པ་",630,"event","FREE",3
"9AC63291E459","dpe mdzod khang gi las byed pa","དེ་ ང་ ཚོ་ ཚང་མ །",132,"ང་ ཚོ་",633,"person","FREE",1
"1B4DEC601763A","da lta","ད་ལྟ་ འདི ར་ ནང་ ལ་ ག་རེ་ ཞུ་ དགོས་ ཀྱི་ རེད །",134,"ད་ལྟ་",637,"date/time","ADJ",3
"384CBAE73184B","mtho slob","ད་ལྟ་ འདི ར་ ནང་ ལ་ ག་རེ་ ཞུ་ དགོས་ ཀྱི་ རེད །",134,"འདི ར་ ནང་ ལ་",641,"organization","ADJ",3
"C75C56812704","glog klad","ད་ལྟ་ འདི ར་ ནང་ ལ་ ག་རེ་ ཞུ་ དགོས་ ཀྱི་ རེད །",134,"ག་རེ་",642,"thing","P",3
"725F36C420BE","mtho slob","མཐོ་སློབ་ ད་ག་རང་ གིས་ ཨ་ནི་",135,"མཐོ་སློབ་ ད་ག་རང་ གིས་",650,"organization","A",3
"301768964742F","dkar chag","དཀར་ཆག་ དེ་ ད་ལྟ་ ཀམ་པུར་ཊར་ བརྒྱུད་ ནས་ འགྲོ་ གི་ ཡོད་ རེད །",138,"དཀར་ཆག་ དེ་",655,"thing","S",3
"19B9A8E6F286D","da lta","དཀར་ཆག་ དེ་ ད་ལྟ་ ཀམ་པུར་ཊར་ བརྒྱུད་ ནས་ འགྲོ་ གི་ ཡོད་ རེད །",138,"ད་ལྟ་",656,"date/time","ADJ",3
"C5718172F74A","glog klad","དཀར་ཆག་ དེ་ ད་ལྟ་ ཀམ་པུར་ཊར་ བརྒྱུད་ ནས་ འགྲོ་ གི་ ཡོད་ རེད །",138,"ཀམ་པུར་ཊར་ བརྒྱུད་ ནས་",659,"thing","ADJ",3
"34B1947814D72","slob phrug","<0> དེ འི་ ནང་ ལ་ ཚང་མ་ བཙལ །",140,"<0>",667,"person","A",0
"13E44B1D45422","glog klad","<0> དེ འི་ ནང་ ལ་ ཚང་མ་ བཙལ །",140,"དེ འི་ ནང་ ལ་",671,"thing","ADJ",3
"2D81095A7121","bod skad kyi thog la yod pa'i deb","<0> དེ འི་ ནང་ ལ་ ཚང་མ་ བཙལ །",140,"ཚང་མ་",672,"event","P",3
"F1929E2E2AB2","slob phrug","ཨང་ རྒན་ལགས་ ད་ལྟ་ འདི་ རག་ ཡ་ ཡོད་ རེད །",141,"རྒན་ལགས་",676,"person","ABEN",2
"2267109A4E6DE","da lta","ཨང་ རྒན་ལགས་ ད་ལྟ་ འདི་ རག་ ཡ་ ཡོད་ རེད །",141,"ད་ལྟ་",677,"date/time","ADJ",3
"302C286B67ADA","bod skad kyi thog la yod pa'i deb","ཨང་ རྒན་ལགས་ ད་ལྟ་ འདི་ རག་ ཡ་ ཡོད་ རེད །",141,"འདི་",678,"event","PBEN",3
"1F4AF757C48DA","btsal stangs","ལྟ་ འདི་ ཨང་ བཙལ་ སྟངས་ དེ་",143,"བཙལ་ སྟངས་ དེ་",691,"abstract","FREE",3
"F6AC8F9910","deb 'bri mkhan gyis rtsom po y mtshan","འདི་ གང་ ཟེར་ དགོས་ ཀྱི་ རེད །",147,"འདི་",697,"abstract","OBL",3
"10B1D29493C85","deb 'bri mkhan gyis rtsom po y mtshan","འདི་ གང་ ཟེར་ དགོས་ ཀྱི་ རེད །",147,"གང་",698,"abstract","P",3
"B5AFEB8B845E","deb 'bri mkhan gyis rtsom po y mtshan","_%_ འདི་ ཨང་",149,"འདི་",706,"abstract","FREE",3
"1BFA48DAA3361","rtsom pa po","དེབ་ འབྲི་མཁན་ གྱིས་ རྩོམ་པོ་ ཡི་ མཚན་ ཐོག་ ནས་ བཙལ་ ཡ་ གཅིག་ དང་ །",150,"དེབ་ འབྲི་མཁན་ གྱིས་ རྩོམ་པོ་ ཡི་",712,"person","POSS",3
"2E96BE16239C6","deb 'bri mkhan gyis rtsom po y mtshan","དེབ་ འབྲི་མཁན་ གྱིས་ རྩོམ་པོ་ ཡི་ མཚན་ ཐོག་ ནས་ བཙལ་ ཡ་ གཅིག་ དང་ །",150,"དེབ་ འབྲི་མཁན་ གྱིས་ རྩོམ་པོ་ ཡི་ མཚན་ ཐོག་ ནས་",715,"abstract","ADJ",3
"1E42AB264F890","brjod gzhi","གཅིག་ ཡང་ བརྗོད་གཞི་ ག་རེ་ ཡིན་ མིན་",152,"བརྗོད་གཞི་",725,"abstract","COPS",3
"247D62E2C6111","brjod gzhi","གཅིག་ ཡང་ བརྗོད་གཞི་ ག་རེ་ ཡིན་ མིན་",152,"བརྗོད་གཞི་ ག་རེ་ ཡིན་ མིན་",728,"abstract","FREE",3
"2650390218F5E","brjod gzhi","གཅིག་ ཡང་ བརྗོད་གཞི་ ག་རེ་ ཡིན་ མིན་",152,"ག་རེ་",726,"abstract","PRED",3
"E46460BF43EB","brjod gzhi","འདི འི་ ཐོག་ ནས་ བཙལ་ གནང་ ཡ་ ཡོད་ རེད །",153,"འདི འི་ ཐོག་ ནས་",732,"abstract","ADJ",3
"2D05FBA563FEC","brjod gzhi thog nas btsal","འདི འི་ ཐོག་ ནས་ བཙལ་ གནང་ ཡ་ ཡོད་ རེད །",153,"འདི འི་ ཐོག་ ནས་ བཙལ་ གནང་ ཡ་",735,NA,"EXIST",3
"23E86FE92602F","da lta","ད་ལྟ་ དབྱིན་",157,"ད་ལྟ་",743,"date/time","FREE",3
"19F60DB384D5E","bod mi ma yin pa","བོད- བོད་མི་ མ་ ཡིན་ པས་ བྲིས་པ་ དེ་",159,"བོད- བོད་མི་ མ་ ཡིན་ པས་",750,"person","A",3
"17CF977331886","bod mi ma yin pa'i bris pa'i deb","བོད- བོད་མི་ མ་ ཡིན་ པས་ བྲིས་པ་ དེ་",159,"བོད- བོད་མི་ མ་ ཡིན་ པས་ བྲིས་པ་ དེ་",752,"thing","FREE",3
"12C2A99ED5860","bod mi ma yin pa'i bris pa'i deb","ཨ་ནི་ ཕྱག་དེབ་ དེ་ ཚོ་",160,"ཕྱག་དེབ་ དེ་ ཚོ་",756,"thing","EXIST",3
"391E1CFC3271","skad yig gzhan dag","ཨ་ནི་ སྐད་ཡིག་ གཞན་དག་ ཐོག་ ནང་ ཡོད་ རེད །",161,"སྐད་ཡིག་ གཞན་དག་ ཐོག་ ནང་",761,"abstract","COPLOC",3
"2C0FF89F05766","bod mi ma yin pa'i bris pa'i deb","དེ་ ཚང་མ་ ང་ ཚོ་ འདི ར་ མེད་པ་ བྱས །",163,"དེ་ ཚང་མ་",768,"thing","EXIST",3
"F17650D3E6C0","dpe mdzod khang gi las byed pa","དེ་ ཚང་མ་ ང་ ཚོ་ འདི ར་ མེད་པ་ བྱས །",163,"ང་ ཚོ་",770,"person","COPLOC",1
"15EA39CC45D3F","bod yig sde tshan gyi dpe mdzod","དེ་ ཚང་མ་ ང་ ཚོ་ འདི ར་ མེད་པ་ བྱས །",163,"འདི ར་",772,"location","COPLOC",3
"1D7128F787AB1","dpe mdzod khang gi las byed pa","<0> དེབ་ སྤྱི་ཡོངས་ ཀྱི་ ནང་",166,"<0>",778,"person","A",0
"15BC8BDC1F258","deb spyi yongs","<0> དེབ་ སྤྱི་ཡོངས་ ཀྱི་ ནང་",166,"དེབ་ སྤྱི་ཡོངས་ ཀྱི་ ནང་",782,"thing","OBL",3
"11EABDD4568D9","bod yig sde tshan gyi dpe mdzod","ཨ་ནི་ འདི་ ལ དེ་འདྲ་",169,"འདི་ ལ",794,"location","COPS",3
"8B0C24DD6660","deb khang gtso bo'i nang","དེབ་ཁང་ གཙོ་བོ་ ག་གི འི་ ནང་ <0> །",173,"དེབ་ཁང་ གཙོ་བོ་ ག་གི འི་ ནང་",804,"location","PRED",3
"31AB83E471262","dpe mdzod khang gi las byed pa","འདི་ ང་ ཚོ་ ད་ལྟ་ འདི་",177,"ང་ ཚོ་",817,"person","FREE",1
"21599B258DD82","bod yig sde tshan gyi dpe mdzod","གཙོ་བོ་ དེ་ ད་ལྟ་ འདི ར་ ནང་ ལ་ ཡང་ ང་ ཚོས་",178,"འདི ར་ ནང་ ལ་",826,"location","COPLOC",3
"36C02447F3E88","dpe mdzod khang gi las byed pa","གཙོ་བོ་ དེ་ ད་ལྟ་ འདི ར་ ནང་ ལ་ ཡང་ ང་ ཚོས་",178,"ང་ ཚོས་",829,"person","A",1
"162B718E933E1","dkar chag","དཀར་ཆག་ བྱས །",180,"དཀར་ཆག་",831,"thing","FREE",3
"23F5062ACD117","tshig mdzod","གང་ ཟེར་ དགོས་ ཀྱི་ རེད །",184,"གང་",837,"thing","P",3
"1B55846EBF4C8","tshig mdzod","ད་ ཚིག་མཛོད་ འདྲ་ མི་ འདྲ་ བྱས །",185,"ཚིག་མཛོད་ འདྲ་ མི་ འདྲ་ བྱས",848,"thing","FREE",3
"288676640A732","dkar chag dang tshig mdzod yod","ཨང་ འོ་ ལྟ་ འདི་འདྲས་ འདྲ་པོ་ རེད །",187,"འདི་འདྲས་ འདྲ་པོ་",855,"`",NA,3
"374CE06EB40D5","dpe mdzod khang gi las byed pa","ལྟ་ ང་ ཚོ་ དཔེ་ཆ །",189,"ང་ ཚོ་",863,"person","FREE",1
"2BF76170F8E0","dpe cha","ལྟ་ ང་ ཚོ་ དཔེ་ཆ །",189,"དཔེ་ཆ",864,"thing","FREE",3
"37EEFDCC70685","dpe cha","བོད་པ འི་ དཔེ་ཆ་",192,"བོད་པ འི་ དཔེ་ཆ་",872,"thing","FREE",3
"309FA58881609","dpe cha","ཚང་མ་ ད་ལྟ་ ང་ཚོ་ ཁང་པ་ འོག་ཐོག་ ཡང་ ཡོད །",193,"ཚང་མ་",873,"thing","EXIST",3
"D5C538E8FC32","dpe mdzod khang gi las byed pa","ཚང་མ་ ད་ལྟ་ ང་ཚོ་ ཁང་པ་ འོག་ཐོག་ ཡང་ ཡོད །",193,"ང་ཚོ་",875,"person","FREE",1
"2215186483F93","'og thog","ཚང་མ་ ད་ལྟ་ ང་ཚོ་ ཁང་པ་ འོག་ཐོག་ ཡང་ ཡོད །",193,"ཁང་པ་ འོག་ཐོག་",877,"location","COPLOC",3
"21AD61C0DB3C","dpe mdzod do dam pa","<0> ང་ ལ་ ཁ་ཤས་ ཤིག་ གཡར་ དགོས་ ཀྱི་ འདུག",197,"<0>",887,"person","A",0
"ABCC6044805D","slob phrug","<0> ང་ ལ་ ཁ་ཤས་ ཤིག་ གཡར་ དགོས་ ཀྱི་ འདུག",197,"ང་ ལ་",889,"person","OBL",1
"89263A32DF94","phyag dpe (general)","<0> ང་ ལ་ ཁ་ཤས་ ཤིག་ གཡར་ དགོས་ ཀྱི་ འདུག",197,"ཁ་ཤས་ ཤིག་",891,"thing","P",3
"242226730EC91","'og thog","བྱས་ ཙང་ འོག་ཁང་ འདི་ ལ་ ཡ་",198,"འོག་ཁང་ འདི་ ལ་",900,"location","OBL",3
"A3B2B889AA38","dpe mdzod do dam pa","ཁྱེད་རང་ ཕེབས་ ཡ་ ཐུབ་ ཀྱི་ ཡོད་ དམ །",200,"ཁྱེད་རང་",903,"person","S",2
"373549A5587B7","da lta","ད་ལྟ་ ང་ བཅར་ ན་ འགྲིག་ གི་ འདུག",202,"ད་ལྟ་",914,"date/time","ADJ",3
"26A14D96AE6AA","dpe mdzod do dam pa","ད་ལྟ་ ང་ བཅར་ ན་ འགྲིག་ གི་ འདུག",202,"ང་",915,"person","S",1
"1C9585608EC9E","da lta","ཨ་ནི་ ད་ལྟ་",207,"ད་ལྟ་",929,"date/time","FREE",3
"13978B485D32E","'og thog","ཨ་ནི་ འདི འི་ འགྲོ་ས་ གང་ རེད །",209,"འདི འི་",933,"location","POSS",3
"166EC486C8DBD","'gro sa","ཨ་ནི་ འདི འི་ འགྲོ་ས་ གང་ རེད །",209,"འདི འི་ འགྲོ་ས་",934,"location","COPS",3
"149DBC1EE275C","'gro sa","ཨ་ནི་ འདི འི་ འགྲོ་ས་ གང་ རེད །",209,"གང་",935,"location","PRED",3
"2061C0F554737","da lta","ད་ལྟ་",211,"ད་ལྟ་",939,"date/time","FREE",3
"1032ECCD292D8","slob phrug dang don dam pa","<0> ཕེབས་ སྟངས་ དེ་ མཉམ་ དུ་ བཅར་ གྱི་ ཡིན །",213,"<0>",941,"person","S",0
"E09A5D82AA20","'gro sa","<0> ཕེབས་ སྟངས་ དེ་ མཉམ་ དུ་ བཅར་ གྱི་ ཡིན །",213,"ཕེབས་ སྟངས་ དེ་",944,"location","PTOP",3
